접수일자,언어구분명,상담대분류명,상담중분류명,상담소분류명,상담키워드1순위명,상담키워드2순위명,상담키워드3순위명,상담키워드4순위명,상담키워드5순위명,상담유형명,여행목적명,경로명,고객성향명,채널구분명,통화구분명,상태명,수정일자
20210127,한국어,음식,음식,카페,무료,커피,,,,일반,휴양 및 관광,홈페이지,일반,전화,인바운드,완료,20210127
20210127,한국어,음식,음식,카페,,,,,,일반,휴양 및 관광,홈페이지,일반,전화,아웃바운드,완료,20210127
20210126,한국어,음식,음식,카페,김녕,금일 운영,,,,일반,휴양 및 관광,홈페이지,일반,전화,아웃바운드,완료,20210126
20210115,한국어,음식,음식,카페,인원,요금,올티스,시음,,일반,휴양 및 관광,홈페이지,일반,전화,아웃바운드,완료,20210115
20210119,한국어,음식,음식,일식,천제연,유선,문자,식당,인터넷,일반,휴양 및 관광,홈페이지,일반,전화,인바운드,완료,20210119
20210120,한국어,음식,음식,카페,체험,커피,수목원,제주,이용시간,일반,휴양 및 관광,홈페이지,일반,전화,아웃바운드,완료,20210120
20210105,한국어,음식,음식,향토음식,사전예약,식당,골목,골목식당,,일반,휴양 및 관광,홈페이지,일반,전화,아웃바운드,완료,20210105
20210127,한국어,음식,음식,일식,용두암,유선,문자,인터넷,제주,일반,휴양 및 관광,홈페이지,일반,전화,인바운드,완료,20210127
20210119,한국어,음식,음식,향토음식,연락처,문자,대정,안덕,서귀포,일반,휴양 및 관광,홈페이지,일반,전화,인바운드,완료,20210119
20210126,한국어,음식,음식,카페,게스트하우스,김녕,카페,이용,,일반,휴양 및 관광,홈페이지,일반,전화,아웃바운드,완료,20210126
20210223,한국어,음식,음식,양식,시내,제주,수제맥주,맥주,,일반,휴양 및 관광,홈페이지,일반,전화,인바운드,완료,20210223
20210202,한국어,음식,음식,향토음식,해녀,용머리해안,,,,일반,휴양 및 관광,홈페이지,일반,전화,아웃바운드,완료,20210202
20210202,한국어,음식,음식,향토음식,정방폭포,해녀,폭포,매표소,이용,일반,휴양 및 관광,홈페이지,일반,전화,아웃바운드,완료,20210202
20210226,한국어,음식,음식,기타,산방산,문자,도립공원,식당,관광지,일반,휴양 및 관광,홈페이지,일반,전화,인바운드,완료,20210226
20210202,한국어,음식,음식,향토음식,해녀,용두암,,,,일반,휴양 및 관광,홈페이지,일반,전화,아웃바운드,완료,20210202
20210202,한국어,음식,음식,향토음식,안내소,운영시간,용두암,판매,관광안내소,일반,휴양 및 관광,홈페이지,일반,전화,인바운드,완료,20210202
20210201,한국어,음식,음식,카페,성산,문자,식당,안덕,서귀포,일반,휴양 및 관광,홈페이지,일반,전화,인바운드,완료,20210201
20210202,한국어,음식,음식,향토음식,해녀,주상절리,,,,일반,휴양 및 관광,홈페이지,일반,전화,아웃바운드,완료,20210202
20210221,한국어,음식,음식,향토음식,유선,문자,식당,제주,주소,일반,휴양 및 관광,홈페이지,일반,전화,인바운드,완료,20210221
20210210,한국어,음식,음식,향토음식,,,,,,일반,휴양 및 관광,홈페이지,일반,전화,인바운드,완료,20210210
20210303,한국어,음식,음식,카페,카페,이용,,,,일반,휴양 및 관광,홈페이지,일반,전화,아웃바운드,완료,20210303
20210303,한국어,음식,음식,향토음식,,,,,,일반,휴양 및 관광,홈페이지,일반,전화,아웃바운드,완료,20210303
20210303,한국어,음식,음식,향토음식,,,,,,일반,휴양 및 관광,홈페이지,일반,전화,아웃바운드,완료,20210303
20210303,한국어,음식,음식,기타,해녀,문자,인터넷,수목원,시내,일반,휴양 및 관광,홈페이지,일반,전화,인바운드,완료,20210303
20210321,한국어,음식,음식,한식,천제연,문자,식당,서귀포,올레,일반,휴양 및 관광,홈페이지,일반,전화,인바운드,완료,20210321
20210321,한국어,음식,음식,한식,천제연,문자,식당,서귀포,올레,일반,휴양 및 관광,홈페이지,일반,전화,아웃바운드,완료,20210321
20210322,한국어,음식,음식,향토음식,사전예약,오름,오름가든,가든,,일반,휴양 및 관광,홈페이지,일반,전화,아웃바운드,완료,20210322
20210318,한국어,음식,음식,한식,공지,음식점,제주,이용,,일반,휴양 및 관광,홈페이지,일반,전화,아웃바운드,완료,20210318
20210312,한국어,음식,음식,카페,운영시간,,,,,일반,휴양 및 관광,홈페이지,일반,전화,아웃바운드,완료,20210312
20210318,한국어,음식,음식,한식,식당,맑은,이용시간,이용,,일반,휴양 및 관광,홈페이지,일반,전화,아웃바운드,완료,20210318
20210320,한국어,음식,음식,일식,운영시간,,,,,일반,휴양 및 관광,홈페이지,일반,전화,아웃바운드,완료,20210322
20210320,한국어,음식,음식,일식,제주,,,,,일반,휴양 및 관광,홈페이지,일반,전화,아웃바운드,완료,20210320
20210322,한국어,음식,음식,한식,연락처,민박,음식점,이용,,일반,휴양 및 관광,홈페이지,일반,전화,아웃바운드,완료,20210322
20210326,한국어,음식,음식,카페,오름,천제연폭포,환상숲곶자왈,산방산,천제연,일반,휴양 및 관광,홈페이지,일반,전화,인바운드,완료,20210326
20210326,한국어,음식,음식,카페,오름,천제연폭포,환상숲곶자왈,산방산,천제연,일반,휴양 및 관광,홈페이지,일반,전화,아웃바운드,완료,20210326
20210317,한국어,음식,음식,향토음식,한라수목원,환상숲곶자왈,성산,일출봉,유선,일반,휴양 및 관광,홈페이지,일반,전화,인바운드,완료,20210317
20210312,한국어,음식,음식,카페,운영시간,주차장,카페,이용,주차,일반,휴양 및 관광,홈페이지,일반,전화,아웃바운드,완료,20210312
20210310,한국어,음식,음식,향토음식,탐방,문화,이용,문의처,,일반,휴양 및 관광,홈페이지,일반,전화,아웃바운드,완료,20210310
20210312,한국어,음식,음식,카페,카페,,,,,일반,휴양 및 관광,홈페이지,일반,전화,인바운드,완료,20210312
20210316,한국어,음식,음식,한식,외국어,음식점,이용시간,이용,,일반,휴양 및 관광,홈페이지,일반,전화,아웃바운드,완료,20210316
20210316,한국어,음식,음식,한식,외국어,식당,골목,이용,골목식당,일반,휴양 및 관광,홈페이지,일반,전화,아웃바운드,완료,20210316
20210316,한국어,음식,음식,한식,외국어,이용,메밀꽃차롱,,,일반,휴양 및 관광,홈페이지,일반,전화,아웃바운드,완료,20210316
20210316,한국어,음식,음식,한식,외국어,이용,고을면,,,일반,휴양 및 관광,홈페이지,일반,전화,아웃바운드,완료,20210316
20210319,한국어,음식,음식,한식,주차장,음식점,이용시간,이용,주차,일반,휴양 및 관광,홈페이지,일반,전화,아웃바운드,완료,20210319
20210319,한국어,음식,음식,한식,사전예약,유선,음식점,이용,,일반,휴양 및 관광,홈페이지,일반,전화,아웃바운드,완료,20210319
20210319,한국어,음식,음식,한식,주차장,음식점,이용,주차,,일반,휴양 및 관광,홈페이지,일반,전화,아웃바운드,완료,20210319
20210319,한국어,음식,음식,한식,운영시간,주차장,음식점,이용,주차,일반,휴양 및 관광,홈페이지,일반,전화,아웃바운드,완료,20210319
20210318,한국어,음식,음식,한식,카페,이용시간,이용,,,일반,휴양 및 관광,홈페이지,일반,전화,아웃바운드,완료,20210318
20210331,한국어,음식,음식,카페,방문,,,,,일반,휴양 및 관광,홈페이지,일반,전화,아웃바운드,완료,20210331
20210322,한국어,음식,음식,향토음식,식당,,,,,일반,휴양 및 관광,홈페이지,일반,전화,아웃바운드,완료,20210322
20210326,한국어,음식,음식,한식,천제연,문자,호텔,식당,안덕,일반,휴양 및 관광,홈페이지,일반,전화,인바운드,완료,20210326
20210316,한국어,음식,음식,한식,외국어,이용,체인,,,일반,휴양 및 관광,홈페이지,일반,전화,아웃바운드,완료,20210316
20210312,한국어,음식,음식,향토음식,해녀,식당,도두,해녀촌,,일반,휴양 및 관광,홈페이지,일반,전화,인바운드,완료,20210312
20210316,한국어,음식,음식,한식,외국어,비자림,이용,꿩메밀,,일반,휴양 및 관광,홈페이지,일반,전화,아웃바운드,완료,20210316
20210316,한국어,음식,음식,한식,외국어,마을,이용,꿩마을,,일반,휴양 및 관광,홈페이지,일반,전화,아웃바운드,완료,20210316
20210322,한국어,음식,음식,향토음식,외국어,사전예약,꿩메밀,정의고을,,일반,휴양 및 관광,홈페이지,일반,전화,아웃바운드,완료,20210322
20210322,한국어,음식,음식,향토음식,토종닭,황금토종닭,,,,일반,휴양 및 관광,홈페이지,일반,전화,아웃바운드,완료,20210322
20210322,한국어,음식,음식,향토음식,외국어,제주민속,제주,사월의꿩,,일반,휴양 및 관광,홈페이지,일반,전화,아웃바운드,완료,20210322
20210316,한국어,음식,음식,한식,외국어,이용시간,이용,,,일반,휴양 및 관광,홈페이지,일반,전화,아웃바운드,완료,20210316
20210316,한국어,음식,음식,한식,이용시간,이용,,,,일반,휴양 및 관광,홈페이지,일반,전화,아웃바운드,완료,20210316
20210316,한국어,음식,음식,한식,음식점,이용,,,,일반,휴양 및 관광,홈페이지,일반,전화,아웃바운드,완료,20210316
20210324,한국어,음식,음식,한식,한림,,,,,일반,휴양 및 관광,홈페이지,일반,전화,인바운드,완료,20210324
20210413,한국어,음식,음식,한식,외국어,이용,,,,일반,휴양 및 관광,홈페이지,일반,전화,아웃바운드,완료,20210413
20210413,한국어,음식,음식,향토음식,이용요금,유선,요금,이용시간,이용,일반,휴양 및 관광,홈페이지,일반,전화,아웃바운드,완료,20210413
20210413,한국어,음식,음식,한식,외국어,유선,식당,이용시간,이용,일반,휴양 및 관광,홈페이지,일반,전화,아웃바운드,완료,20210413
20210408,한국어,음식,음식,카페,연락처,천제연폭포,산방산,천제연,폭포,일반,휴양 및 관광,홈페이지,일반,전화,인바운드,완료,20210408
20210413,한국어,음식,음식,한식,외국어,이용,,,,일반,휴양 및 관광,홈페이지,일반,전화,아웃바운드,완료,20210413
20210413,한국어,음식,음식,향토음식,함덕,이용,,,,일반,휴양 및 관광,홈페이지,일반,전화,아웃바운드,완료,20210413
20210416,한국어,음식,음식,한식,쇠소깍,문자,식당,음식점,인터넷,일반,휴양 및 관광,홈페이지,일반,전화,인바운드,완료,20210416
20210427,한국어,음식,음식,향토음식,쇠소깍,이용,,,,일반,휴양 및 관광,홈페이지,일반,전화,아웃바운드,완료,20210427
20210405,한국어,음식,음식,향토음식,외국어,이용,,,,일반,휴양 및 관광,홈페이지,일반,전화,아웃바운드,완료,20210405
20210405,한국어,음식,음식,향토음식,,,,,,일반,휴양 및 관광,홈페이지,일반,전화,아웃바운드,완료,20210405
20210405,한국어,음식,음식,향토음식,외국어,운영시간,,,,일반,휴양 및 관광,홈페이지,일반,전화,아웃바운드,완료,20210405
20210406,한국어,음식,음식,향토음식,숲길,비자림,유선,문자,식당,일반,휴양 및 관광,홈페이지,일반,전화,인바운드,완료,20210406
20210406,한국어,음식,음식,향토음식,이용시간,이용,,,,일반,휴양 및 관광,홈페이지,일반,전화,아웃바운드,완료,20210407
20210407,한국어,음식,음식,향토음식,휴무일,한라,이용시간,이용,오메기떡,일반,휴양 및 관광,홈페이지,일반,전화,아웃바운드,완료,20210407
20210407,한국어,음식,음식,향토음식,이용,,,,,일반,휴양 및 관광,홈페이지,일반,전화,아웃바운드,완료,20210407
20210407,한국어,음식,음식,향토음식,이용,,,,,일반,휴양 및 관광,홈페이지,일반,전화,아웃바운드,완료,20210407
20210407,한국어,음식,음식,향토음식,솔동산,천제연폭포,고근산,천제연,폭포,일반,휴양 및 관광,홈페이지,일반,전화,인바운드,완료,20210407
20210405,한국어,음식,음식,향토음식,신라,중문,이용시간,이용,,일반,휴양 및 관광,홈페이지,일반,전화,아웃바운드,완료,20210405
20210425,한국어,음식,음식,한식,성산,일출봉,문자,식당,코지,일반,휴양 및 관광,홈페이지,일반,전화,인바운드,완료,20210425
20210427,한국어,음식,음식,향토음식,방귤당,,,,,일반,휴양 및 관광,홈페이지,일반,전화,아웃바운드,완료,20210427
20210405,한국어,음식,음식,향토음식,외국어,이용,,,,일반,휴양 및 관광,홈페이지,일반,전화,아웃바운드,완료,20210405
20210427,한국어,음식,음식,향토음식,사전예약,동반,체험,쇠소깍,유선,일반,휴양 및 관광,홈페이지,일반,전화,아웃바운드,완료,20210427
20210405,한국어,음식,음식,향토음식,외국어,,,,,일반,휴양 및 관광,홈페이지,일반,전화,아웃바운드,완료,20210405
20210405,한국어,음식,음식,향토음식,외국어,식당,이용,,,일반,휴양 및 관광,홈페이지,일반,전화,아웃바운드,완료,20210405
20210413,한국어,음식,음식,한식,영실,비자림,문자,음식점,제주,일반,휴양 및 관광,홈페이지,일반,전화,인바운드,완료,20210413
20210413,한국어,음식,음식,향토음식,이용요금,요금,이용시간,이용,,일반,휴양 및 관광,홈페이지,일반,전화,아웃바운드,완료,20210413
20210413,한국어,음식,음식,향토음식,택배,이용시간,이용,,,일반,휴양 및 관광,홈페이지,일반,전화,아웃바운드,완료,20210413
20210415,한국어,음식,음식,한식,운영시간,휴무일,만장굴,숲길,솔동산,일반,휴양 및 관광,홈페이지,일반,전화,인바운드,완료,20210415
20210406,한국어,음식,음식,한식,인원,중문,이용,흑돼지,,일반,휴양 및 관광,홈페이지,일반,전화,아웃바운드,완료,20210406
20210406,한국어,음식,음식,한식,외국어,한라,이용시간,이용,,일반,휴양 및 관광,홈페이지,일반,전화,아웃바운드,완료,20210406
20210406,한국어,음식,음식,향토음식,이용,,,,,일반,휴양 및 관광,홈페이지,일반,전화,아웃바운드,완료,20210406
20210406,한국어,음식,음식,향토음식,이용,,,,,일반,휴양 및 관광,홈페이지,일반,전화,아웃바운드,완료,20210406
20210406,한국어,음식,음식,향토음식,음식점,제주,이용,말고기,,일반,휴양 및 관광,홈페이지,일반,전화,아웃바운드,완료,20210406
20210406,한국어,음식,음식,향토음식,외국어,사전예약,음식점,이용,말고기,일반,휴양 및 관광,홈페이지,일반,전화,아웃바운드,완료,20210406
20210406,한국어,음식,음식,향토음식,외국어,운영시간,음식점,이용,말고기,일반,휴양 및 관광,홈페이지,일반,전화,아웃바운드,완료,20210406
20210406,한국어,음식,음식,향토음식,신라,중문,,,,일반,휴양 및 관광,홈페이지,일반,전화,아웃바운드,완료,20210406
20210406,한국어,음식,음식,향토음식,음식점,제주,이용,말고기,,일반,휴양 및 관광,홈페이지,일반,전화,아웃바운드,완료,20210406
20210414,한국어,음식,음식,한식,연락처,비자림,성산,천제연,유선,일반,휴양 및 관광,홈페이지,일반,전화,인바운드,완료,20210415
20210430,한국어,음식,음식,카페,골목,,,,,일반,휴양 및 관광,홈페이지,일반,전화,아웃바운드,완료,20210430
20210406,한국어,음식,음식,향토음식,음식점,이용,말고기,,,일반,휴양 및 관광,홈페이지,일반,전화,아웃바운드,완료,20210406
20210406,한국어,음식,음식,향토음식,외국어,음식점,이용,말고기,가든,일반,휴양 및 관광,홈페이지,일반,전화,아웃바운드,완료,20210406
20210406,한국어,음식,음식,향토음식,함덕,,,,,일반,휴양 및 관광,홈페이지,일반,전화,아웃바운드,완료,20210406
20210406,한국어,음식,음식,향토음식,외국어,운영시간,,,,일반,휴양 및 관광,홈페이지,일반,전화,아웃바운드,완료,20210406
20210406,한국어,음식,음식,한식,인원,이용,흑돼지,,,일반,휴양 및 관광,홈페이지,일반,전화,아웃바운드,완료,20210406
20210407,한국어,음식,음식,향토음식,이용시간,이용,,,,일반,휴양 및 관광,홈페이지,일반,전화,아웃바운드,완료,20210407
20210424,한국어,음식,음식,한식,인원,문자,식당,음식점,제주,일반,휴양 및 관광,홈페이지,일반,전화,인바운드,완료,20210424
20210407,한국어,음식,음식,향토음식,휴무일,이용시간,이용,,,일반,휴양 및 관광,홈페이지,일반,전화,아웃바운드,완료,20210407
20210407,한국어,음식,음식,향토음식,휴무일,이용시간,이용,,,일반,휴양 및 관광,홈페이지,일반,전화,아웃바운드,완료,20210407
20210407,한국어,음식,음식,향토음식,외국어,운영시간,음식점,이용,말고기,일반,휴양 및 관광,홈페이지,일반,전화,아웃바운드,완료,20210407
20210425,한국어,음식,음식,한식,해녀,문자,식당,한림,제주,일반,휴양 및 관광,홈페이지,일반,전화,인바운드,완료,20210425
20210416,한국어,음식,음식,한식,외국어,이용,,,,일반,휴양 및 관광,홈페이지,일반,전화,아웃바운드,완료,20210417
20210416,한국어,음식,음식,한식,만장굴,박물관,해녀,기념관,문자,일반,휴양 및 관광,홈페이지,일반,전화,인바운드,완료,20210416
20210425,한국어,음식,음식,한식,해녀,문자,식당,한림,제주,일반,휴양 및 관광,홈페이지,일반,전화,아웃바운드,완료,20210425
20210416,한국어,음식,음식,향토음식,외국어,함덕,이용,,,일반,휴양 및 관광,홈페이지,일반,전화,아웃바운드,완료,20210417
20210428,한국어,음식,음식,한식,식당,맛집,에코랜드,,,일반,휴양 및 관광,홈페이지,일반,전화,인바운드,완료,20210428
20210420,한국어,음식,음식,카페,커피,서귀포,,,,일반,휴양 및 관광,홈페이지,일반,전화,인바운드,완료,20210420
20210420,한국어,음식,음식,한식,연락처,쇠소깍,산방산,문자,숙소,일반,휴양 및 관광,홈페이지,일반,전화,인바운드,완료,20210420
20210405,한국어,음식,음식,향토음식,,,,,,일반,휴양 및 관광,홈페이지,일반,전화,아웃바운드,완료,20210405
20210420,한국어,음식,음식,카페,문자,리스트,호텔,마을,서귀포,일반,휴양 및 관광,홈페이지,일반,전화,인바운드,완료,20210420
20210420,한국어,음식,음식,카페,문자,리스트,안덕,커피,서귀포,일반,휴양 및 관광,홈페이지,일반,전화,아웃바운드,완료,20210420
20210420,한국어,음식,음식,카페,,,,,,자동저장,휴양 및 관광,홈페이지,일반,전화,인바운드,완료,20210420
20210413,한국어,음식,음식,한식,판매,,,,,일반,휴양 및 관광,홈페이지,일반,전화,아웃바운드,완료,20210413
20210413,한국어,음식,음식,향토음식,이용시간,이용,,,,일반,휴양 및 관광,홈페이지,일반,전화,아웃바운드,완료,20210413
20210413,한국어,음식,음식,향토음식,이용,재료소진,,,,일반,휴양 및 관광,홈페이지,일반,전화,아웃바운드,완료,20210413
20210413,한국어,음식,음식,한식,외국어,이용,,,,일반,휴양 및 관광,홈페이지,일반,전화,아웃바운드,완료,20210413
20210416,한국어,음식,음식,한식,금호,음식점,리조트,인터넷,,일반,휴양 및 관광,홈페이지,일반,전화,인바운드,완료,20210416
20210417,한국어,음식,음식,한식,비자림,문자,제주,갈치,맛집,일반,휴양 및 관광,홈페이지,일반,전화,인바운드,완료,20210417
20210414,한국어,음식,음식,향토음식,오름,해녀,식당,코지,오일장,일반,휴양 및 관광,홈페이지,일반,전화,인바운드,완료,20210414
20210416,한국어,음식,음식,한식,외국어,이용시간,이용,,,일반,휴양 및 관광,홈페이지,일반,전화,아웃바운드,완료,20210417
20210416,한국어,음식,음식,한식,외국어,이용시간,이용,,,일반,휴양 및 관광,홈페이지,일반,전화,아웃바운드,완료,20210417
20210414,한국어,음식,음식,한식,운영시간,휴무일,만장굴,숲길,솔동산,일반,휴양 및 관광,홈페이지,일반,전화,인바운드,완료,20210415
20210402,한국어,음식,음식,향토음식,식당,인터넷,제주,판매,이용,일반,휴양 및 관광,홈페이지,일반,전화,인바운드,완료,20210402
20210427,한국어,음식,음식,향토음식,마을,방귤당,,,,일반,휴양 및 관광,홈페이지,일반,전화,아웃바운드,완료,20210427
20210418,한국어,음식,음식,향토음식,소요시간,운영시간,휴무일,오름,박물관,일반,휴양 및 관광,홈페이지,일반,전화,인바운드,완료,20210418
20210405,한국어,음식,음식,향토음식,제주,이용,,,,일반,휴양 및 관광,홈페이지,일반,전화,아웃바운드,완료,20210405
20210430,한국어,음식,음식,일식,연락처,유선,문자,안전,인터넷,일반,휴양 및 관광,홈페이지,일반,전화,인바운드,완료,20210430
20210430,한국어,음식,음식,카페,,,,,,일반,휴양 및 관광,홈페이지,일반,전화,아웃바운드,완료,20210430
20210430,한국어,음식,음식,카페,제주,,,,,일반,휴양 및 관광,홈페이지,일반,전화,아웃바운드,완료,20210430
20210430,한국어,음식,음식,카페,제주,,,,,일반,휴양 및 관광,홈페이지,일반,전화,아웃바운드,완료,20210430
20210405,한국어,음식,음식,향토음식,외국어,이용,,,,일반,휴양 및 관광,홈페이지,일반,전화,아웃바운드,완료,20210405
20210504,한국어,음식,음식,향토음식,외국어,해녀,도두,이용,도두해녀의집,일반,휴양 및 관광,홈페이지,일반,전화,아웃바운드,완료,20210504
20210512,한국어,음식,음식,향토음식,외국어,식당,이용,,,일반,휴양 및 관광,홈페이지,일반,전화,아웃바운드,완료,20210512
20210513,한국어,음식,음식,향토음식,해녀,유선,문자,안전,해수,일반,휴양 및 관광,홈페이지,일반,전화,인바운드,완료,20210513
20210509,한국어,음식,음식,향토음식,정방폭포,주상절리대,해녀,폭포,서귀포,일반,휴양 및 관광,홈페이지,일반,전화,인바운드,완료,20210509
20210510,한국어,음식,음식,한식,식당,제주,문의처,제주공항,,일반,휴양 및 관광,홈페이지,일반,전화,인바운드,완료,20210510
20210504,한국어,음식,음식,향토음식,해녀,이용,해녀의집,협재해녀의집,,일반,휴양 및 관광,홈페이지,일반,전화,아웃바운드,완료,20210504
20210504,한국어,음식,음식,향토음식,해녀,성산,이용,해녀의집,어촌계,일반,휴양 및 관광,홈페이지,일반,전화,아웃바운드,완료,20210504
20210504,한국어,음식,음식,향토음식,해녀,이용,가파도,해녀촌,,일반,휴양 및 관광,홈페이지,일반,전화,아웃바운드,완료,20210504
20210503,한국어,음식,음식,카페,체험,,,,,일반,휴양 및 관광,홈페이지,일반,전화,아웃바운드,완료,20210503
20210511,한국어,음식,음식,향토음식,이용,맛집,,,,일반,휴양 및 관광,홈페이지,일반,전화,아웃바운드,완료,20210511
20210511,한국어,음식,음식,향토음식,이용,,,,,일반,휴양 및 관광,홈페이지,일반,전화,아웃바운드,완료,20210511
20210518,한국어,음식,음식,한식,이용시간,이용,,,,일반,휴양 및 관광,홈페이지,일반,전화,아웃바운드,완료,20210518
20210518,한국어,음식,음식,한식,이용,횟집,,,,일반,휴양 및 관광,홈페이지,일반,전화,아웃바운드,완료,20210518
20210521,한국어,음식,음식,한식,이용,,,,,일반,휴양 및 관광,홈페이지,일반,전화,아웃바운드,완료,20210521
20210521,한국어,음식,음식,향토음식,외국어,리스트,이용,,,일반,휴양 및 관광,홈페이지,일반,전화,아웃바운드,완료,20210521
20210521,한국어,음식,음식,향토음식,마을,이용,,,,일반,휴양 및 관광,홈페이지,일반,전화,아웃바운드,완료,20210521
20210521,한국어,음식,음식,한식,이용시간,이용,,,,일반,휴양 및 관광,홈페이지,일반,전화,아웃바운드,완료,20210521
20210521,한국어,음식,음식,한식,외국어,이용시간,이용,,,일반,휴양 및 관광,홈페이지,일반,전화,아웃바운드,완료,20210521
20210513,한국어,음식,음식,한식,주차장,식당,대정,서귀포,주소,일반,휴양 및 관광,홈페이지,일반,전화,인바운드,완료,20210513
20210530,한국어,음식,음식,향토음식,박물관,해녀,우도,문자,식당,일반,휴양 및 관광,홈페이지,일반,전화,인바운드,완료,20210530
20210502,한국어,음식,음식,향토음식,해녀,용두암,주차장,주차,,일반,휴양 및 관광,홈페이지,일반,전화,인바운드,완료,20210502
20210506,한국어,음식,음식,카페,이용요금,요금,커피,카페,이용,일반,휴양 및 관광,홈페이지,일반,전화,아웃바운드,완료,20210729
20210503,한국어,음식,음식,향토음식,해녀,용두암,,,,일반,휴양 및 관광,홈페이지,일반,전화,아웃바운드,완료,20210503
20210511,한국어,음식,음식,향토음식,이용,맛집,,,,일반,휴양 및 관광,홈페이지,일반,전화,아웃바운드,완료,20210511
20210511,한국어,음식,음식,향토음식,천제연,서귀포,제주,이용,맛집,일반,휴양 및 관광,홈페이지,일반,전화,아웃바운드,완료,20210511
20210511,한국어,음식,음식,향토음식,해녀,,,,,일반,휴양 및 관광,홈페이지,일반,전화,아웃바운드,완료,20210511
20210511,한국어,음식,음식,한식,식당,서귀포,제주,,,일반,휴양 및 관광,홈페이지,일반,전화,아웃바운드,완료,20210511
20210512,한국어,음식,음식,향토음식,식당,인터넷,방문,,,일반,휴양 및 관광,홈페이지,일반,전화,인바운드,완료,20210512
20210513,한국어,음식,음식,향토음식,이용,,,,,일반,휴양 및 관광,홈페이지,일반,전화,아웃바운드,완료,20210513
20210511,한국어,음식,음식,향토음식,유선,이용시간,이용,맛집,,일반,휴양 및 관광,홈페이지,일반,전화,아웃바운드,완료,20210511
20210503,한국어,음식,음식,카페,이용요금,운영시간,체험,요금,이용,일반,휴양 및 관광,홈페이지,일반,전화,아웃바운드,완료,20210503
20210518,한국어,음식,음식,한식,외국어,이용시간,이용,,,일반,휴양 및 관광,홈페이지,일반,전화,아웃바운드,완료,20210518
20210518,한국어,음식,음식,한식,외국어,식당,이용시간,이용,,일반,휴양 및 관광,홈페이지,일반,전화,아웃바운드,완료,20210518
20210506,한국어,음식,음식,한식,맛집,,,,,일반,휴양 및 관광,홈페이지,일반,전화,아웃바운드,완료,20210506
20210511,한국어,음식,음식,향토음식,외국어,식당,이용,,,일반,휴양 및 관광,홈페이지,일반,전화,아웃바운드,완료,20210511
20210506,한국어,음식,음식,한식,맛집,,,,,일반,휴양 및 관광,홈페이지,일반,전화,아웃바운드,완료,20210506
20210507,한국어,음식,음식,기타,문자,안전,서귀포,제주,관광정보,일반,휴양 및 관광,홈페이지,일반,전화,인바운드,완료,20210507
20210507,한국어,음식,음식,향토음식,해녀,코지,이용,해녀의집,섭지,일반,휴양 및 관광,홈페이지,일반,전화,아웃바운드,완료,20210507
20210507,한국어,음식,음식,향토음식,해녀,중문,이용,해녀의집,어촌계,일반,휴양 및 관광,홈페이지,일반,전화,아웃바운드,완료,20210507
20210515,한국어,음식,음식,향토음식,운영시간,유선,문자,리스트,식당,일반,휴양 및 관광,홈페이지,일반,전화,인바운드,완료,20210515
20210506,한국어,음식,음식,향토음식,외국어,해녀,이용시간,이용,해녀의집,일반,휴양 및 관광,홈페이지,일반,전화,아웃바운드,완료,20210506
20210518,한국어,음식,음식,향토음식,해녀,유선,문자,식당,서귀포,일반,휴양 및 관광,홈페이지,일반,전화,인바운드,완료,20210518
20210521,한국어,음식,음식,한식,외국어,이용,,,,일반,휴양 및 관광,홈페이지,일반,전화,아웃바운드,완료,20210521
20210521,한국어,음식,음식,한식,해녀,이용,,,,일반,휴양 및 관광,홈페이지,일반,전화,아웃바운드,완료,20210521
20210521,한국어,음식,음식,한식,외국어,유선,문자,음식점,비짓,일반,휴양 및 관광,홈페이지,일반,전화,아웃바운드,완료,20210521
20210521,한국어,음식,음식,한식,식당,이용시간,이용,,,일반,휴양 및 관광,홈페이지,일반,전화,아웃바운드,완료,20210521
20210525,한국어,음식,음식,양식,연락처,공지,,,,일반,휴양 및 관광,홈페이지,일반,전화,인바운드,완료,20210525
20210526,한국어,음식,음식,향토음식,안내소,성판악,해녀,용두암,탐방,일반,휴양 및 관광,홈페이지,일반,전화,인바운드,완료,20210526
20210524,한국어,음식,음식,한식,운영시간,우도,유선,숙박,문자,일반,휴양 및 관광,홈페이지,일반,전화,인바운드,완료,20210524
20210503,한국어,음식,음식,향토음식,해녀,매표소,용머리해안,,,일반,휴양 및 관광,홈페이지,일반,전화,아웃바운드,완료,20210503
20210503,한국어,음식,음식,향토음식,해녀,용두암,,,,일반,휴양 및 관광,홈페이지,일반,전화,아웃바운드,완료,20210503
20210503,한국어,음식,음식,향토음식,해녀,,,,,일반,휴양 및 관광,홈페이지,일반,전화,아웃바운드,완료,20210503
20210503,한국어,음식,음식,향토음식,해녀,용두암,,,,일반,휴양 및 관광,홈페이지,일반,전화,아웃바운드,완료,20210503
20210528,한국어,음식,음식,기타,운영시간,오름,박물관,세계,문자,일반,휴양 및 관광,홈페이지,일반,전화,인바운드,완료,20210528
20210504,한국어,음식,음식,향토음식,해녀,이용,해녀촌,재료소진,,일반,휴양 및 관광,홈페이지,일반,전화,아웃바운드,완료,20210504
20210504,한국어,음식,음식,향토음식,외국어,해녀,이용시간,이용,해녀촌,일반,휴양 및 관광,홈페이지,일반,전화,아웃바운드,완료,20210504
20210504,한국어,음식,음식,향토음식,외국어,운영시간,해녀,이용,해녀촌,일반,휴양 및 관광,홈페이지,일반,전화,아웃바운드,완료,20210504
20210529,한국어,음식,음식,한식,김창열,미술관,유선,문자,음식점,일반,휴양 및 관광,홈페이지,일반,전화,인바운드,완료,20210529
20210507,한국어,음식,음식,카페,이용요금,요금,세화,서귀포,표선,일반,휴양 및 관광,홈페이지,일반,전화,아웃바운드,완료,20210507
20210507,한국어,음식,음식,향토음식,이용,맛집,,,,일반,휴양 및 관광,홈페이지,일반,전화,아웃바운드,완료,20210507
20210512,한국어,음식,음식,한식,숲길,오름,사려니,비자림,유선,일반,휴양 및 관광,홈페이지,일반,전화,인바운드,완료,20210512
20210513,한국어,음식,음식,한식,신라,중문,,,,일반,휴양 및 관광,홈페이지,일반,전화,아웃바운드,완료,20210513
20210514,한국어,음식,음식,한식,연락처,용두암,문자,식당,도두,일반,휴양 및 관광,홈페이지,일반,전화,인바운드,완료,20210514
20210507,한국어,음식,음식,향토음식,식당,이용,맛집,,,일반,휴양 및 관광,홈페이지,일반,전화,아웃바운드,완료,20210507
20210503,한국어,음식,음식,향토음식,정방폭포,해녀,폭포,판매,,일반,휴양 및 관광,홈페이지,일반,전화,아웃바운드,완료,20210503
20210508,한국어,음식,음식,일식,횟집,도로,,,,일반,휴양 및 관광,홈페이지,일반,전화,인바운드,완료,20210508
20210504,한국어,음식,음식,향토음식,해녀,성산,이용,해녀의집,시흥리,일반,휴양 및 관광,홈페이지,일반,전화,아웃바운드,완료,20210504
20210504,한국어,음식,음식,향토음식,해녀,우도,이용,해녀의집,물꼬해녀의집,일반,휴양 및 관광,홈페이지,일반,전화,아웃바운드,완료,20210504
20210504,한국어,음식,음식,향토음식,외국어,해녀,김녕,이용시간,이용,일반,휴양 및 관광,홈페이지,일반,전화,아웃바운드,완료,20210504
20210517,한국어,음식,음식,향토음식,오름,유선,문자,식당,안전,일반,휴양 및 관광,홈페이지,일반,전화,인바운드,완료,20210517
20210525,한국어,음식,음식,카페,관광지,올레,제주,카페,방문,일반,휴양 및 관광,홈페이지,일반,전화,인바운드,완료,20210525
20210513,한국어,음식,음식,향토음식,천제연,유선,문자,숙소,호텔,일반,휴양 및 관광,홈페이지,일반,전화,인바운드,완료,20210513
20210513,한국어,음식,음식,한식,천제연,유선,문자,호텔,신라,일반,휴양 및 관광,홈페이지,일반,전화,인바운드,완료,20210513
20210506,한국어,음식,음식,한식,맛집,,,,,일반,휴양 및 관광,홈페이지,일반,전화,아웃바운드,완료,20210506
20210506,한국어,음식,음식,한식,식당,맛집,,,,일반,휴양 및 관광,홈페이지,일반,전화,아웃바운드,완료,20210506
20210506,한국어,음식,음식,한식,마라도,이용시간,이용,맛집,횟집,일반,휴양 및 관광,홈페이지,일반,전화,아웃바운드,완료,20210506
20210506,한국어,음식,음식,한식,맛집,횟집,,,,일반,휴양 및 관광,홈페이지,일반,전화,아웃바운드,완료,20210506
20210506,한국어,음식,음식,한식,맛집,,,,,일반,휴양 및 관광,홈페이지,일반,전화,아웃바운드,완료,20210506
20210506,한국어,음식,음식,한식,식당,맛집,,,,일반,휴양 및 관광,홈페이지,일반,전화,아웃바운드,완료,20210506
20210506,한국어,음식,음식,한식,식당,맛집,,,,일반,휴양 및 관광,홈페이지,일반,전화,아웃바운드,완료,20210506
20210517,한국어,음식,음식,향토음식,제주,이용,,,,일반,휴양 및 관광,홈페이지,일반,전화,인바운드,완료,20210517
20210507,한국어,음식,음식,향토음식,해녀,이용,해녀의집,강정,,일반,휴양 및 관광,홈페이지,일반,전화,아웃바운드,완료,20210507
20210507,한국어,음식,음식,카페,제주,구좌,카페,이용시간,이용,일반,휴양 및 관광,홈페이지,일반,전화,아웃바운드,완료,20210507
20210507,한국어,음식,음식,향토음식,식당,이용시간,이용,맛집,,일반,휴양 및 관광,홈페이지,일반,전화,아웃바운드,완료,20210507
20210507,한국어,음식,음식,향토음식,식당,이용,맛집,,,일반,휴양 및 관광,홈페이지,일반,전화,아웃바운드,완료,20210507
20210517,한국어,음식,음식,한식,비자림,성산,문자,식당,제주,일반,휴양 및 관광,홈페이지,일반,전화,인바운드,완료,20210517
20210518,한국어,음식,음식,한식,운영시간,식당,이용,,,일반,휴양 및 관광,홈페이지,일반,전화,아웃바운드,완료,20210518
20210518,한국어,음식,음식,한식,외국어,해녀,유선,도두,이용,일반,휴양 및 관광,홈페이지,일반,전화,아웃바운드,완료,20210518
20210518,한국어,음식,음식,한식,외국어,이용시간,이용,,,일반,휴양 및 관광,홈페이지,일반,전화,아웃바운드,완료,20210518
20210527,한국어,음식,음식,한식,운영시간,용두암,유선,문자,음식점,일반,휴양 및 관광,홈페이지,일반,전화,인바운드,완료,20210527
20210507,한국어,음식,음식,향토음식,해녀,이용,해녀의집,,,일반,휴양 및 관광,홈페이지,일반,전화,아웃바운드,완료,20210507
20210507,한국어,음식,음식,향토음식,해녀,이용,해녀의집,오조해녀의집,,일반,휴양 및 관광,홈페이지,일반,전화,아웃바운드,완료,20210507
20210628,영어,음식,음식,한식,문자,해수,음식점,함덕,제주,일반,휴양 및 관광,홈페이지,일반,전화,인바운드,완료,20210628
20210628,한국어,음식,음식,한식,,,,,,일반,휴양 및 관광,홈페이지,일반,전화,아웃바운드,완료,20210729
20210628,한국어,음식,음식,기타,연락처,유선,문자,제주도청,안전,일반,휴양 및 관광,홈페이지,일반,전화,인바운드,완료,20210628
20210617,한국어,음식,음식,한식,제주,,,,,일반,휴양 및 관광,홈페이지,일반,전화,아웃바운드,완료,20210617
20210617,한국어,음식,음식,한식,운영시간,이용,횟집,,,일반,휴양 및 관광,홈페이지,일반,전화,아웃바운드,완료,20210617
20210602,한국어,음식,음식,향토음식,식당,성읍,이용,,,일반,휴양 및 관광,홈페이지,일반,전화,아웃바운드,완료,20210602
20210615,한국어,음식,음식,향토음식,연락처,마을,제주,문화,감귤,일반,휴양 및 관광,홈페이지,일반,전화,아웃바운드,완료,20210615
20210603,한국어,음식,음식,한식,외국어,이용,,,,일반,휴양 및 관광,홈페이지,일반,전화,아웃바운드,완료,20210603
20210603,한국어,음식,음식,한식,외국어,식당,이용,,,일반,휴양 및 관광,홈페이지,일반,전화,아웃바운드,완료,20210603
20210615,한국어,음식,음식,한식,식당,주소,,,,일반,휴양 및 관광,홈페이지,일반,전화,인바운드,완료,20210615
20210615,한국어,음식,음식,카페,이용요금,요금,안덕,커피,서귀포,일반,휴양 및 관광,홈페이지,일반,전화,아웃바운드,완료,20210615
20210608,한국어,음식,음식,향토음식,천제연,문자,식당,인터넷,서귀포,일반,휴양 및 관광,홈페이지,일반,전화,인바운드,완료,20210608
20210608,한국어,음식,음식,카페,호텔,카페,,,,일반,휴양 및 관광,홈페이지,일반,전화,아웃바운드,완료,20210608
20210615,한국어,음식,음식,향토음식,쇠소깍,비자림,식당,서귀포,시내,일반,휴양 및 관광,홈페이지,일반,전화,인바운드,완료,20210615
20210616,한국어,음식,음식,일식,이용,횟집,,,,일반,휴양 및 관광,홈페이지,일반,전화,아웃바운드,완료,20210616
20210616,한국어,음식,음식,일식,이용,,,,,일반,휴양 및 관광,홈페이지,일반,전화,아웃바운드,완료,20210616
20210616,한국어,음식,음식,한식,운영시간,문자,식당,안전,드림,일반,휴양 및 관광,홈페이지,일반,전화,인바운드,완료,20210616
20210617,한국어,음식,음식,한식,문자,식당,한림,제주,주소,일반,휴양 및 관광,홈페이지,일반,전화,인바운드,완료,20210617
20210603,한국어,음식,음식,한식,외국어,이용시간,이용,흑돼지,늘봄,일반,휴양 및 관광,홈페이지,일반,전화,아웃바운드,완료,20210603
20210606,한국어,음식,음식,한식,유선,문자,식당,이모,동문시장,일반,휴양 및 관광,홈페이지,일반,전화,인바운드,완료,20210606
20210607,한국어,음식,음식,한식,외국어,흑돼지,,,,일반,휴양 및 관광,홈페이지,일반,전화,아웃바운드,완료,20210607
20210607,한국어,음식,음식,한식,운영시간,,,,,일반,휴양 및 관광,홈페이지,일반,전화,아웃바운드,완료,20210607
20210614,한국어,음식,음식,카페,커피,수목원,제주,,,일반,휴양 및 관광,홈페이지,일반,전화,아웃바운드,완료,20210614
20210602,한국어,음식,음식,한식,외국인,맛집,흑돼지,,,일반,휴양 및 관광,홈페이지,일반,전화,아웃바운드,완료,20210602
20210615,한국어,음식,음식,카페,카페,,,,,일반,휴양 및 관광,홈페이지,일반,전화,아웃바운드,완료,20210615
20210615,한국어,음식,음식,향토음식,연락처,마을,제주,문화,감귤,일반,휴양 및 관광,홈페이지,일반,전화,인바운드,완료,20210615
20210608,한국어,음식,음식,카페,외국어,이용요금,유선,요금,이용,일반,휴양 및 관광,홈페이지,일반,전화,아웃바운드,완료,20210608
20210603,한국어,음식,음식,향토음식,이용,흑돼지,,,,일반,휴양 및 관광,홈페이지,일반,전화,아웃바운드,완료,20210603
20210603,한국어,음식,음식,한식,외국어,이용시간,이용,흑돼지,,일반,휴양 및 관광,홈페이지,일반,전화,아웃바운드,완료,20210603
20210604,한국어,음식,음식,한식,자연휴양림,박물관,자연,유선,문자,일반,휴양 및 관광,홈페이지,일반,전화,인바운드,완료,20210604
20210621,한국어,음식,음식,한식,외국어,휴무일,유선,이용시간,이용,일반,휴양 및 관광,홈페이지,일반,전화,아웃바운드,완료,20210621
20210616,한국어,음식,음식,일식,이용,횟집,,,,일반,휴양 및 관광,홈페이지,일반,전화,아웃바운드,완료,20210616
20210616,한국어,음식,음식,양식,연락처,음식점,비짓,인터넷,제주,일반,휴양 및 관광,홈페이지,일반,전화,인바운드,완료,20210616
20210616,한국어,음식,음식,양식,연락처,음식점,제주,,,일반,휴양 및 관광,홈페이지,일반,전화,아웃바운드,완료,20210616
20210616,한국어,음식,음식,양식,연락처,음식점,제주,,,일반,휴양 및 관광,홈페이지,일반,전화,아웃바운드,완료,20210616
20210603,한국어,음식,음식,향토음식,이용,,,,,일반,휴양 및 관광,홈페이지,일반,전화,아웃바운드,완료,20210603
20210604,한국어,음식,음식,한식,외국인,이용,맛집,흑돼지,,일반,휴양 및 관광,홈페이지,일반,전화,아웃바운드,완료,20210604
20210604,한국어,음식,음식,한식,외국어,식당,이용시간,이용,맛집,일반,휴양 및 관광,홈페이지,일반,전화,아웃바운드,완료,20210604
20210617,한국어,음식,음식,한식,운영시간,이용,횟집,,,일반,휴양 및 관광,홈페이지,일반,전화,아웃바운드,완료,20210617
20210616,한국어,음식,음식,일식,이용,,,,,일반,휴양 및 관광,홈페이지,일반,전화,아웃바운드,완료,20210616
20210617,한국어,음식,음식,한식,운영시간,이용,,,,일반,휴양 및 관광,홈페이지,일반,전화,아웃바운드,완료,20210617
20210617,한국어,음식,음식,한식,운영시간,외국인,이용,횟집,,일반,휴양 및 관광,홈페이지,일반,전화,아웃바운드,완료,20210617
20210607,한국어,음식,음식,한식,가든,,,,,일반,휴양 및 관광,홈페이지,일반,전화,아웃바운드,완료,20210607
20210607,한국어,음식,음식,한식,외국어,제주,,,,일반,휴양 및 관광,홈페이지,일반,전화,아웃바운드,완료,20210607
20210620,한국어,음식,음식,한식,,,,,,일반,휴양 및 관광,홈페이지,일반,전화,아웃바운드,완료,20210620
20210618,한국어,음식,음식,카페,운영시간,호텔,파크,안덕,서귀포,일반,휴양 및 관광,홈페이지,일반,전화,아웃바운드,완료,20210618
20210621,한국어,음식,음식,한식,외국어,이용시간,이용,횟집,,일반,휴양 및 관광,홈페이지,일반,전화,아웃바운드,완료,20210621
20210621,한국어,음식,음식,한식,외국어,이용시간,이용,횟집,,일반,휴양 및 관광,홈페이지,일반,전화,아웃바운드,완료,20210621
20210621,한국어,음식,음식,한식,외국어,이용시간,이용,,,일반,휴양 및 관광,홈페이지,일반,전화,아웃바운드,완료,20210621
20210602,한국어,음식,음식,향토음식,이용,,,,,일반,휴양 및 관광,홈페이지,일반,전화,아웃바운드,완료,20210602
20210602,한국어,음식,음식,향토음식,이용,흑돼지,,,,일반,휴양 및 관광,홈페이지,일반,전화,아웃바운드,완료,20210602
20210607,한국어,음식,음식,한식,외국어,흑돼지,,,,일반,휴양 및 관광,홈페이지,일반,전화,아웃바운드,완료,20210607
20210602,한국어,음식,음식,한식,외국어,운영시간,맛집,흑돼지,,일반,휴양 및 관광,홈페이지,일반,전화,아웃바운드,완료,20210602
20210603,한국어,음식,음식,한식,외국어,이용,,,,일반,휴양 및 관광,홈페이지,일반,전화,아웃바운드,완료,20210603
20210604,한국어,음식,음식,한식,이용시간,이용,맛집,흑돼지,,일반,휴양 및 관광,홈페이지,일반,전화,아웃바운드,완료,20210604
20210604,한국어,음식,음식,한식,이용시간,이용,맛집,흑돼지,,일반,휴양 및 관광,홈페이지,일반,전화,아웃바운드,완료,20210604
20210621,한국어,음식,음식,한식,이용,횟집,,,,일반,휴양 및 관광,홈페이지,일반,전화,아웃바운드,완료,20210621
20210622,한국어,음식,음식,한식,외국어,이용시간,이용,횟집,,일반,휴양 및 관광,홈페이지,일반,전화,아웃바운드,완료,20210622
20210622,한국어,음식,음식,한식,외국어,식당,이용시간,이용,횟집,일반,휴양 및 관광,홈페이지,일반,전화,아웃바운드,완료,20210622
20210622,한국어,음식,음식,한식,외국어,이용시간,이용,횟집,,일반,휴양 및 관광,홈페이지,일반,전화,아웃바운드,완료,20210622
20210706,한국어,음식,음식,한식,,,,,,일반,휴양 및 관광,홈페이지,일반,전화,아웃바운드,완료,20210706
20210702,한국어,음식,음식,한식,카페,이용시간,이용,,,일반,휴양 및 관광,홈페이지,일반,전화,아웃바운드,완료,20210702
20210702,한국어,음식,음식,한식,외국인,공지,이용시간,이용,방문,일반,휴양 및 관광,홈페이지,일반,전화,아웃바운드,완료,20210702
20210722,한국어,음식,음식,카페,,,,,,일반,휴양 및 관광,홈페이지,일반,전화,인바운드,완료,20210722
20210702,한국어,음식,음식,한식,음식점,,,,,일반,휴양 및 관광,홈페이지,일반,전화,아웃바운드,완료,20210702
20210702,한국어,음식,음식,한식,이용시간,이용,,,,일반,휴양 및 관광,홈페이지,일반,전화,아웃바운드,완료,20210702
20210702,한국어,음식,음식,한식,운영시간,이용,체인,,,일반,휴양 및 관광,홈페이지,일반,전화,아웃바운드,완료,20210702
20210702,한국어,음식,음식,한식,식당,맑은,,,,일반,휴양 및 관광,홈페이지,일반,전화,아웃바운드,완료,20210702
20210724,한국어,음식,음식,카페,물품보관,보관,물품,보관함,커피,일반,휴양 및 관광,홈페이지,일반,전화,아웃바운드,완료,20210727
20210708,한국어,음식,음식,한식,정방폭포,폭포,식당,맛집,횟집,일반,휴양 및 관광,홈페이지,일반,전화,인바운드,완료,20210708
20210702,한국어,음식,음식,한식,음식점,,,,,일반,휴양 및 관광,홈페이지,일반,전화,아웃바운드,완료,20210702
20210706,한국어,음식,음식,카페,카페,문의처,,,,일반,휴양 및 관광,홈페이지,일반,전화,인바운드,완료,20210706
20210706,한국어,음식,음식,한식,음식점,,,,,일반,휴양 및 관광,홈페이지,일반,전화,아웃바운드,완료,20210706
20210706,한국어,음식,음식,한식,외국어,이용,,,,일반,휴양 및 관광,홈페이지,일반,전화,아웃바운드,완료,20210706
20210702,한국어,음식,음식,한식,외국인,음식점,,,,일반,휴양 및 관광,홈페이지,일반,전화,아웃바운드,완료,20210702
20210702,한국어,음식,음식,한식,사전예약,운영시간,,,,일반,휴양 및 관광,홈페이지,일반,전화,아웃바운드,완료,20210702
20210707,한국어,음식,음식,한식,,,,,,일반,휴양 및 관광,홈페이지,일반,전화,아웃바운드,완료,20210707
20210714,한국어,음식,음식,한식,중문,횟집,,,,일반,휴양 및 관광,홈페이지,일반,전화,인바운드,완료,20210714
20210702,한국어,음식,음식,한식,음식점,,,,,일반,휴양 및 관광,홈페이지,일반,전화,아웃바운드,완료,20210702
20210705,한국어,음식,음식,한식,식당,맑은,,,,일반,휴양 및 관광,홈페이지,일반,전화,아웃바운드,완료,20210727
20210721,한국어,음식,음식,향토음식,연락처,유선,문자,마을,제주,일반,휴양 및 관광,홈페이지,일반,전화,인바운드,완료,20210721
20210720,한국어,음식,음식,향토음식,사전예약,운영시간,체험,유선,식당,일반,휴양 및 관광,홈페이지,일반,전화,아웃바운드,완료,20210720
20210804,한국어,음식,음식,카페,,,,,,일반,휴양 및 관광,홈페이지,일반,전화,아웃바운드,완료,20210804
20210804,한국어,음식,음식,카페,연락처,카드,,,,일반,휴양 및 관광,홈페이지,일반,전화,아웃바운드,완료,20210804
20210826,한국어,음식,음식,한식,연락처,문자,식당,제주,관광정보,일반,휴양 및 관광,홈페이지,일반,전화,인바운드,완료,20210826
20210826,한국어,음식,음식,한식,식당,,,,,일반,휴양 및 관광,홈페이지,일반,전화,아웃바운드,완료,20210826
20210823,한국어,음식,음식,향토음식,해녀,용두암,이용,,,일반,휴양 및 관광,홈페이지,일반,전화,아웃바운드,완료,20210823
20210823,한국어,음식,음식,향토음식,해녀,이용,용머리해안,,,일반,휴양 및 관광,홈페이지,일반,전화,아웃바운드,완료,20210823
20210823,한국어,음식,음식,향토음식,정방폭포,해녀,폭포,이용,,일반,휴양 및 관광,홈페이지,일반,전화,아웃바운드,완료,20210823
20210830,한국어,음식,음식,양식,맥파이,맥파이브루어리,,,,일반,휴양 및 관광,홈페이지,일반,전화,아웃바운드,완료,20210830
20210805,한국어,음식,음식,향토음식,메일,제주도청,리스트,인증,제주,일반,휴양 및 관광,홈페이지,일반,전화,아웃바운드,완료,20210805
20210803,한국어,음식,음식,향토음식,리스트,인증,제주,판매,,일반,휴양 및 관광,홈페이지,일반,전화,아웃바운드,완료,20210803
20210803,한국어,음식,음식,향토음식,리스트,인증,제주,홍보,판매,일반,휴양 및 관광,홈페이지,일반,전화,인바운드,완료,20210803
20210814,한국어,음식,음식,향토음식,해녀,이용,해녀의집,협재해녀의집,,일반,휴양 및 관광,홈페이지,일반,전화,아웃바운드,완료,20210814
20210814,한국어,음식,음식,향토음식,해녀,이용,해녀의집,강정,,일반,휴양 및 관광,홈페이지,일반,전화,아웃바운드,완료,20210814
20210806,한국어,음식,음식,향토음식,갈치,갈치조림,,,,일반,휴양 및 관광,홈페이지,일반,전화,인바운드,완료,20210806
20210812,한국어,음식,음식,향토음식,해녀,함덕,이용,해녀촌,함덕해녀촌,일반,휴양 및 관광,홈페이지,일반,전화,아웃바운드,완료,20210812
20210812,한국어,음식,음식,향토음식,해녀,이용,해녀의집,,,일반,휴양 및 관광,홈페이지,일반,전화,아웃바운드,완료,20210812
20210812,한국어,음식,음식,향토음식,해녀,이용,해녀의집,오조해녀의집,,일반,휴양 및 관광,홈페이지,일반,전화,아웃바운드,완료,20210812
20210812,한국어,음식,음식,향토음식,해녀,중문,해녀의집,어촌계,중문어촌계,일반,휴양 및 관광,홈페이지,일반,전화,아웃바운드,완료,20210812
20210812,한국어,음식,음식,향토음식,운영시간,해녀,해녀의집,물꼬해녀의집,,일반,휴양 및 관광,홈페이지,일반,전화,아웃바운드,완료,20210812
20210812,한국어,음식,음식,향토음식,해녀,이용시간,이용,해녀의집,섭지,일반,휴양 및 관광,홈페이지,일반,전화,아웃바운드,완료,20210812
20210813,한국어,음식,음식,향토음식,해녀,이용,해녀촌,민경이네,,일반,휴양 및 관광,홈페이지,일반,전화,아웃바운드,완료,20210813
20210814,한국어,음식,음식,향토음식,휴무일,해녀,성산,일출봉,이용,일반,휴양 및 관광,홈페이지,일반,전화,아웃바운드,완료,20210814
20210814,한국어,음식,음식,향토음식,사전예약,비자림,유선,문자,식당,일반,휴양 및 관광,홈페이지,일반,전화,인바운드,완료,20210814
20210804,한국어,음식,음식,카페,동반,휠체어,카페,이용,,일반,휴양 및 관광,홈페이지,일반,전화,아웃바운드,완료,20210804
20210812,한국어,음식,음식,향토음식,해녀,이용,해녀의집,시흥리,,일반,휴양 및 관광,홈페이지,일반,전화,아웃바운드,완료,20210812
20210818,한국어,음식,음식,향토음식,운영시간,해녀,이용,가파도,해녀촌,일반,휴양 및 관광,홈페이지,일반,전화,아웃바운드,완료,20210818
20210823,한국어,음식,음식,향토음식,해녀,이용,주상절리,,,일반,휴양 및 관광,홈페이지,일반,전화,아웃바운드,완료,20210823
20210818,한국어,음식,음식,향토음식,해녀,정상운영,김녕,이용,김녕해녀촌,일반,휴양 및 관광,홈페이지,일반,전화,아웃바운드,완료,20210818
20210818,한국어,음식,음식,향토음식,해녀,정상운영,도두,이용,도두해녀의집,일반,휴양 및 관광,홈페이지,일반,전화,아웃바운드,완료,20210818
20210806,한국어,음식,음식,한식,문자,안전,음식점,인터넷,서귀포,일반,휴양 및 관광,홈페이지,일반,전화,인바운드,완료,20210806
20210806,한국어,음식,음식,향토음식,갈치,갈치조림,,,,일반,휴양 및 관광,홈페이지,일반,전화,아웃바운드,완료,20210806
20210826,한국어,음식,음식,한식,성산,천제연,유선,문자,식당,일반,휴양 및 관광,홈페이지,일반,전화,인바운드,완료,20210826
20210818,한국어,음식,음식,향토음식,해녀,이용,해녀촌,촌촌해녀촌,,일반,휴양 및 관광,홈페이지,일반,전화,아웃바운드,완료,20210822
20210802,한국어,음식,음식,카페,정상운영,카페,,,,일반,휴양 및 관광,홈페이지,일반,전화,인바운드,완료,20210802
20210815,한국어,음식,음식,기타,1100,박물관,문자,식당,제주,일반,휴양 및 관광,홈페이지,일반,전화,인바운드,완료,20210815
20210816,한국어,음식,음식,한식,문자,식당,음식점,제주,카페,일반,휴양 및 관광,홈페이지,일반,전화,인바운드,완료,20210816
20210814,한국어,음식,음식,향토음식,해녀,이용,해녀의집,,,일반,휴양 및 관광,홈페이지,일반,전화,아웃바운드,완료,20210814
20210813,한국어,음식,음식,향토음식,리스트,매점,인증,판매,,일반,휴양 및 관광,홈페이지,일반,전화,아웃바운드,완료,20210830
20210804,한국어,음식,음식,카페,연락처,카드,,,,일반,휴양 및 관광,홈페이지,일반,전화,인바운드,완료,20210804
20210902,한국어,음식,음식,카페,동반,,,,,일반,휴양 및 관광,홈페이지,일반,전화,아웃바운드,완료,20210902
20210908,한국어,음식,음식,향토음식,외국어,이용시간,이용,,,일반,휴양 및 관광,홈페이지,일반,전화,아웃바운드,완료,20210908
20210908,한국어,음식,음식,한식,문자,메일,리스트,식당,제주,일반,휴양 및 관광,홈페이지,일반,전화,인바운드,완료,20210908
20210929,한국어,음식,음식,향토음식,이용,,,,,일반,휴양 및 관광,홈페이지,일반,전화,아웃바운드,완료,20210929
20210929,한국어,음식,음식,향토음식,외국어,마을,안덕,한라산,한라,일반,휴양 및 관광,홈페이지,일반,전화,아웃바운드,완료,20210929
20210908,한국어,음식,음식,한식,외국인,식당,이용시간,이용,,일반,휴양 및 관광,홈페이지,일반,전화,아웃바운드,완료,20210908
20210908,한국어,음식,음식,한식,외국인,식당,이용시간,이용,,일반,휴양 및 관광,홈페이지,일반,전화,아웃바운드,완료,20210908
20210908,한국어,음식,음식,한식,외국어,이용시간,이용,,,일반,휴양 및 관광,홈페이지,일반,전화,아웃바운드,완료,20210908
20210909,한국어,음식,음식,향토음식,한라산,한라,제주,입점,판매,일반,휴양 및 관광,홈페이지,일반,전화,아웃바운드,완료,20210909
20210909,한국어,음식,음식,향토음식,체험,주막,제주,,,일반,휴양 및 관광,홈페이지,일반,전화,아웃바운드,완료,20210909
20210909,한국어,음식,음식,향토음식,체험,무료,시음,,,일반,휴양 및 관광,홈페이지,일반,전화,아웃바운드,완료,20210909
20210909,한국어,음식,음식,한식,외국어,제주,이용시간,이용,,일반,휴양 및 관광,홈페이지,일반,전화,아웃바운드,완료,20210909
20210909,한국어,음식,음식,한식,외국어,이용시간,이용,,,일반,휴양 및 관광,홈페이지,일반,전화,아웃바운드,완료,20210909
20210930,한국어,음식,음식,향토음식,외국인,이용,,,,일반,휴양 및 관광,홈페이지,일반,전화,아웃바운드,완료,20210930
20210903,한국어,음식,음식,카페,동반,카페,이용시간,이용,,일반,휴양 및 관광,홈페이지,일반,전화,아웃바운드,완료,20210903
20210919,한국어,음식,음식,향토음식,연락처,제주,,,,일반,휴양 및 관광,홈페이지,일반,전화,인바운드,완료,20210919
20210929,한국어,음식,음식,향토음식,이용,메밀꽃차롱,,,,일반,휴양 및 관광,홈페이지,일반,전화,아웃바운드,완료,20210929
20210913,한국어,음식,음식,카페,애완동물,동반,카페,이용,,일반,휴양 및 관광,홈페이지,일반,전화,아웃바운드,완료,20210913
20210913,한국어,음식,음식,향토음식,외국어,한라,이용시간,이용,오메기떡,일반,휴양 및 관광,홈페이지,일반,전화,아웃바운드,완료,20210913
20210925,한국어,음식,음식,향토음식,문자,식당,안전,함덕,제주,일반,휴양 및 관광,홈페이지,일반,전화,인바운드,완료,20210925
20210902,한국어,음식,음식,카페,제주,관광정보,문의처,,,일반,휴양 및 관광,홈페이지,일반,전화,아웃바운드,완료,20210902
20210907,한국어,음식,음식,향토음식,외국어,제주,이용시간,이용,주소,일반,휴양 및 관광,홈페이지,일반,전화,아웃바운드,완료,20210907
20210910,한국어,음식,음식,향토음식,외국어,,,,,일반,휴양 및 관광,홈페이지,일반,전화,아웃바운드,완료,20210910
20210910,한국어,음식,음식,향토음식,외국어,식당,서귀포,표선,주소,일반,휴양 및 관광,홈페이지,일반,전화,아웃바운드,완료,20210910
20210910,한국어,음식,음식,향토음식,판매,시트러스,양조장,판매처,,일반,휴양 및 관광,홈페이지,일반,전화,아웃바운드,완료,20210910
20210910,한국어,음식,음식,향토음식,올레,판매,맥주,판매처,,일반,휴양 및 관광,홈페이지,일반,전화,아웃바운드,완료,20210910
20210910,한국어,음식,음식,향토음식,이용,,,,,일반,휴양 및 관광,홈페이지,일반,전화,아웃바운드,완료,20210910
20210910,한국어,음식,음식,한식,한라,이용시간,이용,,,일반,휴양 및 관광,홈페이지,일반,전화,아웃바운드,완료,20210910
20210910,한국어,음식,음식,한식,휴무일,이용시간,이용,,,일반,휴양 및 관광,홈페이지,일반,전화,아웃바운드,완료,20210910
20210910,한국어,음식,음식,향토음식,제주,이용,,,,일반,휴양 및 관광,홈페이지,일반,전화,아웃바운드,완료,20210910
20210910,한국어,음식,음식,향토음식,해녀,식당,이용,,,일반,휴양 및 관광,홈페이지,일반,전화,아웃바운드,완료,20210910
20210910,한국어,음식,음식,향토음식,이용,,,,,일반,휴양 및 관광,홈페이지,일반,전화,아웃바운드,완료,20210910
20210910,한국어,음식,음식,향토음식,이용,,,,,일반,휴양 및 관광,홈페이지,일반,전화,아웃바운드,완료,20210910
20210914,한국어,음식,음식,기타,외국어,이용시간,이용,,,일반,휴양 및 관광,홈페이지,일반,전화,아웃바운드,완료,20210914
20210914,한국어,음식,음식,기타,외국어,이용시간,이용,재료소진,,일반,휴양 및 관광,홈페이지,일반,전화,아웃바운드,완료,20210914
20210914,한국어,음식,음식,향토음식,이용,,,,,일반,휴양 및 관광,홈페이지,일반,전화,아웃바운드,완료,20210914
20210916,한국어,음식,음식,향토음식,장애인,요금,식당,버스,,일반,휴양 및 관광,홈페이지,일반,전화,인바운드,완료,20210916
20210903,한국어,음식,음식,카페,동반,카페,이용시간,이용,,일반,휴양 및 관광,홈페이지,일반,전화,아웃바운드,완료,20210903
20210910,한국어,음식,음식,향토음식,,,,,,일반,휴양 및 관광,홈페이지,일반,전화,아웃바운드,완료,20210910
20210915,한국어,음식,음식,향토음식,외국어,이용,,,,일반,휴양 및 관광,홈페이지,일반,전화,아웃바운드,완료,20210915
20210915,한국어,음식,음식,향토음식,외국어,제주,갈치,이용,,일반,휴양 및 관광,홈페이지,일반,전화,아웃바운드,완료,20210915
20210920,한국어,음식,음식,한식,연락처,운영시간,1100,오름,유선,일반,휴양 및 관광,홈페이지,일반,전화,인바운드,완료,20210920
20210924,한국어,음식,음식,한식,운영시간,식당,,,,일반,휴양 및 관광,홈페이지,일반,전화,아웃바운드,완료,20210924
20210906,한국어,음식,음식,카페,동반,애견,방문,,,일반,휴양 및 관광,홈페이지,일반,전화,아웃바운드,완료,20210906
20210907,한국어,음식,음식,향토음식,외국어,이용,,,,일반,휴양 및 관광,홈페이지,일반,전화,아웃바운드,완료,20210907
20210907,한국어,음식,음식,향토음식,외국어,이용,가든,,,일반,휴양 및 관광,홈페이지,일반,전화,아웃바운드,완료,20210907
20210921,한국어,음식,음식,향토음식,문자,제주도청,리스트,식당,음식점,일반,휴양 및 관광,홈페이지,일반,전화,인바운드,완료,20210921
20210902,한국어,음식,음식,카페,,,,,,일반,휴양 및 관광,홈페이지,일반,전화,아웃바운드,완료,20210902
20210906,한국어,음식,음식,카페,동반,,,,,일반,휴양 및 관광,홈페이지,일반,전화,아웃바운드,완료,20210906
20210910,한국어,음식,음식,한식,이용,,,,,일반,휴양 및 관광,홈페이지,일반,전화,아웃바운드,완료,20210910
20210910,한국어,음식,음식,한식,이용시간,이용,,,,일반,휴양 및 관광,홈페이지,일반,전화,아웃바운드,완료,20210910
20210910,한국어,음식,음식,한식,이용시간,이용,,,,일반,휴양 및 관광,홈페이지,일반,전화,아웃바운드,완료,20210910
20210907,한국어,음식,음식,카페,이용시간,이용,올티스,,,일반,휴양 및 관광,홈페이지,일반,전화,아웃바운드,완료,20210907
20210907,한국어,음식,음식,향토음식,토종닭,,,,,일반,휴양 및 관광,홈페이지,일반,전화,아웃바운드,완료,20210907
20210907,한국어,음식,음식,향토음식,외국어,이용,,,,일반,휴양 및 관광,홈페이지,일반,전화,아웃바운드,완료,20210907
20210908,한국어,음식,음식,향토음식,이용,,,,,일반,휴양 및 관광,홈페이지,일반,전화,아웃바운드,완료,20210908
20210908,한국어,음식,음식,향토음식,운영시간,이용,,,,일반,휴양 및 관광,홈페이지,일반,전화,아웃바운드,완료,20210908
20210908,한국어,음식,음식,향토음식,운영시간,함덕,이용,,,일반,휴양 및 관광,홈페이지,일반,전화,아웃바운드,완료,20210908
20210907,한국어,음식,음식,향토음식,외국어,,,,,일반,휴양 및 관광,홈페이지,일반,전화,아웃바운드,완료,20210907
20210909,한국어,음식,음식,향토음식,체험,제주,입점,,,일반,휴양 및 관광,홈페이지,일반,전화,아웃바운드,완료,20210909
20210924,한국어,음식,음식,한식,운영시간,식당,,,,일반,휴양 및 관광,홈페이지,일반,전화,아웃바운드,완료,20210924
20210924,한국어,음식,음식,한식,운영시간,,,,,일반,휴양 및 관광,홈페이지,일반,전화,아웃바운드,완료,20210924
20210903,한국어,음식,음식,카페,동반,식당,,,,일반,휴양 및 관광,홈페이지,일반,전화,아웃바운드,완료,20210903
20210930,한국어,음식,음식,향토음식,제주,이용시간,이용,,,일반,휴양 및 관광,홈페이지,일반,전화,아웃바운드,완료,20211012
20210915,한국어,음식,음식,향토음식,외국어,제주,이용,,,일반,휴양 및 관광,홈페이지,일반,전화,아웃바운드,완료,20210915
20210915,한국어,음식,음식,향토음식,외국어,해녀,이용,,,일반,휴양 및 관광,홈페이지,일반,전화,아웃바운드,완료,20210915
20210910,한국어,음식,음식,향토음식,제주,판매,판매처,,,일반,휴양 및 관광,홈페이지,일반,전화,아웃바운드,완료,20210910
20210910,한국어,음식,음식,향토음식,한라,이용,오메기떡,,,일반,휴양 및 관광,홈페이지,일반,전화,아웃바운드,완료,20210910
20210910,한국어,음식,음식,향토음식,성산,,,,,일반,휴양 및 관광,홈페이지,일반,전화,아웃바운드,완료,20210910
20210910,한국어,음식,음식,향토음식,이용,,,,,일반,휴양 및 관광,홈페이지,일반,전화,아웃바운드,완료,20210910
20210910,한국어,음식,음식,향토음식,이용,,,,,일반,휴양 및 관광,홈페이지,일반,전화,아웃바운드,완료,20210910
20210910,한국어,음식,음식,향토음식,이용,,,,,일반,휴양 및 관광,홈페이지,일반,전화,아웃바운드,완료,20210910
20210910,한국어,음식,음식,향토음식,신라,중문,이용,,,일반,휴양 및 관광,홈페이지,일반,전화,아웃바운드,완료,20210910
20210929,한국어,음식,음식,향토음식,운영시간,제주,이용,,,일반,휴양 및 관광,홈페이지,일반,전화,아웃바운드,완료,20210929
20210914,한국어,음식,음식,기타,이용,,,,,일반,휴양 및 관광,홈페이지,일반,전화,아웃바운드,완료,20210914
20210914,한국어,음식,음식,기타,이용,,,,,일반,휴양 및 관광,홈페이지,일반,전화,아웃바운드,완료,20210914
20210915,한국어,음식,음식,향토음식,외국어,이용,,,,일반,휴양 및 관광,홈페이지,일반,전화,아웃바운드,완료,20210915
20210916,한국어,음식,음식,향토음식,이용,,,,,일반,휴양 및 관광,홈페이지,일반,전화,아웃바운드,완료,20210916
20210907,한국어,음식,음식,카페,동반,이용시간,이용,케이지,,일반,휴양 및 관광,홈페이지,일반,전화,아웃바운드,완료,20210907
20210908,한국어,음식,음식,향토음식,판매,방문,,,,일반,휴양 및 관광,홈페이지,일반,전화,아웃바운드,완료,20210908
20210908,한국어,음식,음식,향토음식,휴무일,유선,이용,,,일반,휴양 및 관광,홈페이지,일반,전화,아웃바운드,완료,20210908
20210909,한국어,음식,음식,향토음식,체험,제주,입점,,,일반,휴양 및 관광,홈페이지,일반,전화,아웃바운드,완료,20210909
20210910,한국어,음식,음식,향토음식,제주,판매,판매처,,,일반,휴양 및 관광,홈페이지,일반,전화,아웃바운드,완료,20210910
20210910,한국어,음식,음식,양식,제주,이용,맥주,,,일반,휴양 및 관광,홈페이지,일반,전화,아웃바운드,완료,20210910
20210911,한국어,음식,음식,향토음식,정방폭포,해녀,폭포,,,일반,휴양 및 관광,홈페이지,일반,전화,아웃바운드,완료,20210911
20210929,한국어,음식,음식,양식,양조장,,,,,일반,휴양 및 관광,홈페이지,일반,전화,아웃바운드,완료,20210929
20210930,한국어,음식,음식,향토음식,이용시간,이용,,,,일반,휴양 및 관광,홈페이지,일반,전화,아웃바운드,완료,20210930
20210914,한국어,음식,음식,기타,이용시간,이용,,,,일반,휴양 및 관광,홈페이지,일반,전화,아웃바운드,완료,20211008
20210903,한국어,음식,음식,카페,동반,카페,이용시간,이용,,일반,휴양 및 관광,홈페이지,일반,전화,아웃바운드,완료,20210903
20210903,한국어,음식,음식,카페,동반,파라다이스,,,,일반,휴양 및 관광,홈페이지,일반,전화,아웃바운드,완료,20210903
20211020,한국어,음식,음식,한식,식당,음식점,제주,,,일반,휴양 및 관광,홈페이지,일반,전화,인바운드,완료,20211020
20211022,한국어,음식,음식,향토음식,제주,,,,,일반,휴양 및 관광,홈페이지,일반,전화,인바운드,완료,20211025
20211020,한국어,음식,음식,향토음식,쇠소깍,식당,마을,이용,,일반,휴양 및 관광,홈페이지,일반,전화,인바운드,완료,20211020
20211014,한국어,음식,음식,카페,커피,수목원,제주,,,일반,휴양 및 관광,홈페이지,일반,전화,아웃바운드,완료,20211014
20211011,한국어,음식,음식,향토음식,1100,유선,문자,식당,음식점,일반,휴양 및 관광,홈페이지,일반,전화,인바운드,완료,20211011
20211009,한국어,음식,음식,한식,문자,식당,안전,안덕,음식점,일반,휴양 및 관광,홈페이지,일반,전화,인바운드,완료,20211009
20211003,한국어,음식,음식,향토음식,문자,식당,안전,대서,제주,일반,휴양 및 관광,홈페이지,일반,전화,인바운드,완료,20211003
20211023,한국어,음식,음식,카페,문자,서귀포,제주,돌하르방,주소,일반,휴양 및 관광,홈페이지,일반,전화,인바운드,완료,20211023
20211028,한국어,음식,음식,카페,애완동물,동반,휠체어,이용시간,이용,일반,휴양 및 관광,홈페이지,일반,전화,아웃바운드,완료,20211028
20211005,한국어,음식,음식,향토음식,외국인,이용,,,,일반,휴양 및 관광,홈페이지,일반,전화,아웃바운드,완료,20211005
20211009,한국어,음식,음식,한식,사전예약,마라도,이중섭,미술관,식당,일반,휴양 및 관광,홈페이지,일반,전화,인바운드,완료,20211009
20211012,한국어,음식,음식,향토음식,이용요금,평화공원,이중섭,문화공원,천제연,일반,휴양 및 관광,홈페이지,일반,전화,인바운드,완료,20211012
20211020,한국어,음식,음식,기타,문자,동문시장,제주,주소,관광정보,일반,휴양 및 관광,홈페이지,일반,전화,인바운드,완료,20211020
20211020,한국어,음식,음식,향토음식,제주,,,,,일반,휴양 및 관광,홈페이지,일반,전화,인바운드,완료,20211020
20211014,한국어,음식,음식,양식,이용요금,요금,이용,맥파이,맥파이브루어리,일반,휴양 및 관광,홈페이지,일반,전화,아웃바운드,완료,20211014
20211029,한국어,음식,음식,향토음식,용눈이,오름,비자림,유선,문자,일반,휴양 및 관광,지인,일반,전화,인바운드,완료,20211029
20211019,한국어,음식,음식,향토음식,운영시간,산방산,유선,문자,식당,일반,휴양 및 관광,홈페이지,일반,전화,인바운드,완료,20211115
20211026,한국어,음식,음식,한식,소요시간,연락처,자연휴양림,해녀,비자림,일반,휴양 및 관광,홈페이지,일반,전화,아웃바운드,완료,20211026
20211026,한국어,음식,음식,카페,이용시간,이용,,,,일반,휴양 및 관광,홈페이지,일반,전화,아웃바운드,완료,20211026
20211025,한국어,음식,음식,향토음식,연락처,온라인,제주,판매,판매처,일반,휴양 및 관광,홈페이지,일반,전화,아웃바운드,완료,20211101
20211025,한국어,음식,음식,향토음식,온라인,판매,판매처,,,일반,휴양 및 관광,홈페이지,일반,전화,아웃바운드,완료,20211025
20211027,한국어,음식,음식,일식,유선,문자,인터넷,한림,제주,일반,휴양 및 관광,홈페이지,일반,전화,인바운드,완료,20211027
20211026,한국어,음식,음식,카페,이용시간,이용,,,,일반,휴양 및 관광,홈페이지,일반,전화,아웃바운드,완료,20211026
20211026,한국어,음식,음식,카페,제주,이용,,,,일반,휴양 및 관광,홈페이지,일반,전화,아웃바운드,완료,20211026
20211013,한국어,음식,음식,한식,운영시간,휴무일,문자,식당,안전,일반,휴양 및 관광,홈페이지,일반,전화,인바운드,완료,20211013
20211030,한국어,음식,음식,향토음식,대정,음식점,세화,서귀포,제주,일반,휴양 및 관광,홈페이지,일반,전화,인바운드,완료,20211030
20211006,한국어,음식,음식,기타,운영시간,휴무일,환상숲곶자왈,비자림,성산,일반,휴양 및 관광,홈페이지,일반,전화,인바운드,완료,20211006
20211014,한국어,음식,음식,양식,외국인,제주,맥주,,,일반,휴양 및 관광,홈페이지,일반,전화,아웃바운드,완료,20211014
20211022,한국어,음식,음식,한식,제주,갈치,맛집,흑돼지,,일반,휴양 및 관광,홈페이지,일반,전화,인바운드,완료,20211022
20211025,한국어,음식,음식,향토음식,온라인,판매,판매처,버스,,일반,휴양 및 관광,홈페이지,일반,전화,인바운드,완료,20211025
20211025,한국어,음식,음식,카페,관광진흥,제주,,,,일반,휴양 및 관광,홈페이지,일반,전화,아웃바운드,완료,20211025
20211014,한국어,음식,음식,양식,양조장,,,,,일반,휴양 및 관광,홈페이지,일반,전화,아웃바운드,완료,20211014
20211110,한국어,음식,음식,향토음식,외국어,이용시간,이용,맛집,,일반,휴양 및 관광,홈페이지,일반,전화,아웃바운드,완료,20211110
20211110,한국어,음식,음식,향토음식,외국어,식당,이용,,,일반,휴양 및 관광,홈페이지,일반,전화,아웃바운드,완료,20211110
20211105,한국어,음식,음식,한식,외국어,해녀,식당,구좌,,일반,휴양 및 관광,홈페이지,일반,전화,아웃바운드,완료,20211105
20211105,한국어,음식,음식,일식,외국어,안덕,음식점,서귀포,제주,일반,휴양 및 관광,홈페이지,일반,전화,아웃바운드,완료,20211105
20211108,한국어,음식,음식,향토음식,외국어,이용시간,이용,가든,,일반,휴양 및 관광,홈페이지,일반,전화,아웃바운드,완료,20211108
20211108,한국어,음식,음식,한식,사전예약,이용,주소,맛집,고을면,일반,휴양 및 관광,홈페이지,일반,전화,아웃바운드,완료,20211108
20211108,한국어,음식,음식,한식,외국어,맛집,,,,일반,휴양 및 관광,홈페이지,일반,전화,아웃바운드,완료,20211108
20211108,한국어,음식,음식,한식,외국어,이모,판매,,,일반,휴양 및 관광,홈페이지,일반,전화,아웃바운드,완료,20211108
20211107,한국어,음식,음식,한식,문자,제주,버스,버스터미널,,일반,휴양 및 관광,홈페이지,일반,전화,인바운드,완료,20211107
20211107,한국어,음식,음식,한식,,,,,,일반,휴양 및 관광,홈페이지,일반,전화,아웃바운드,완료,20211107
20211107,한국어,음식,음식,한식,식당,,,,,일반,휴양 및 관광,홈페이지,일반,전화,아웃바운드,완료,20211107
20211108,한국어,음식,음식,한식,외국어,서귀포,제주,이용시간,이용,일반,휴양 및 관광,홈페이지,일반,전화,아웃바운드,완료,20211108
20211104,한국어,음식,음식,한식,흑돼지,,,,,일반,휴양 및 관광,홈페이지,일반,전화,아웃바운드,완료,20211104
20211105,한국어,음식,음식,카페,카페,,,,,일반,휴양 및 관광,홈페이지,일반,전화,아웃바운드,완료,20211105
20211112,한국어,음식,음식,한식,외국어,제주,이용시간,이용,주소,일반,휴양 및 관광,홈페이지,일반,전화,아웃바운드,완료,20211112
20211103,한국어,음식,음식,카페,운영시간,카페,,,,일반,휴양 및 관광,홈페이지,일반,전화,아웃바운드,완료,20211103
20211103,한국어,음식,음식,한식,운영시간,가든,,,,일반,휴양 및 관광,홈페이지,일반,전화,아웃바운드,완료,20211103
20211103,한국어,음식,음식,한식,운영시간,해녀,식당,세화,판매,일반,휴양 및 관광,홈페이지,일반,전화,아웃바운드,완료,20211103
20211103,한국어,음식,음식,한식,운영시간,해녀,유선,문자,식당,일반,휴양 및 관광,홈페이지,일반,전화,아웃바운드,완료,20211103
20211116,한국어,음식,음식,한식,,,,,,일반,휴양 및 관광,홈페이지,일반,전화,아웃바운드,완료,20211116
20211116,한국어,음식,음식,한식,가든,방문,,,,일반,휴양 및 관광,홈페이지,일반,전화,아웃바운드,완료,20211116
20211103,한국어,음식,음식,한식,운영시간,식당,,,,일반,휴양 및 관광,홈페이지,일반,전화,아웃바운드,완료,20211103
20211105,한국어,음식,음식,향토음식,외국어,안덕,음식점,서귀포,제주,일반,휴양 및 관광,홈페이지,일반,전화,아웃바운드,완료,20211105
20211105,한국어,음식,음식,카페,운영시간,,,,,일반,휴양 및 관광,홈페이지,일반,전화,아웃바운드,완료,20211105
20211110,한국어,음식,음식,향토음식,제주도청,음식점,제주,,,일반,휴양 및 관광,홈페이지,일반,전화,아웃바운드,완료,20211110
20211111,한국어,음식,음식,한식,자연휴양림,절물자연휴양림,비자림,자연,절물자연,일반,휴양 및 관광,홈페이지,일반,전화,인바운드,완료,20211111
20211110,한국어,음식,음식,향토음식,외국어,마라도,이용,맛집,횟집,일반,휴양 및 관광,홈페이지,일반,전화,아웃바운드,완료,20211110
20211110,한국어,음식,음식,한식,외국어,성산,이용,,,일반,휴양 및 관광,홈페이지,일반,전화,아웃바운드,완료,20211110
20211116,한국어,음식,음식,한식,천지연,문자,식당,리조트,서귀포,일반,휴양 및 관광,홈페이지,일반,전화,인바운드,완료,20211116
20211116,한국어,음식,음식,한식,천지연,식당,,,,일반,휴양 및 관광,홈페이지,일반,전화,아웃바운드,완료,20211116
20211112,한국어,음식,음식,한식,외국어,제주,이용시간,이용,주소,일반,휴양 및 관광,홈페이지,일반,전화,아웃바운드,완료,20211112
20211107,한국어,음식,음식,한식,,,,,,일반,휴양 및 관광,홈페이지,일반,전화,아웃바운드,완료,20211107
20211108,한국어,음식,음식,한식,외국어,쇠소깍,식당,서귀포,제주,일반,휴양 및 관광,홈페이지,일반,전화,아웃바운드,완료,20211108
20211109,한국어,음식,음식,향토음식,외국어,중문,,,,일반,휴양 및 관광,홈페이지,일반,전화,아웃바운드,완료,20211109
20211104,한국어,음식,음식,향토음식,외국어,이용요금,유선,요금,음식점,일반,휴양 및 관광,홈페이지,일반,전화,아웃바운드,완료,20211104
20211104,한국어,음식,음식,향토음식,외국어,이용요금,유선,요금,음식점,일반,휴양 및 관광,홈페이지,일반,전화,아웃바운드,완료,20211104
20211104,한국어,음식,음식,향토음식,마을,이용시간,이용,꿩마을,,일반,휴양 및 관광,홈페이지,일반,전화,아웃바운드,완료,20211104
20211104,한국어,음식,음식,향토음식,이용,사월의꿩,,,,일반,휴양 및 관광,홈페이지,일반,전화,아웃바운드,완료,20211104
20211104,한국어,음식,음식,향토음식,이용,꿩메밀,정의고을,,,일반,휴양 및 관광,홈페이지,일반,전화,아웃바운드,완료,20211104
20211103,한국어,음식,음식,한식,성산,유선,제주,,,일반,휴양 및 관광,홈페이지,일반,전화,아웃바운드,완료,20211103
20211104,한국어,음식,음식,향토음식,외국어,이용요금,숲길,오름,사려니,일반,휴양 및 관광,홈페이지,일반,전화,아웃바운드,완료,20211104
20211104,한국어,음식,음식,한식,외국어,이용요금,유선,요금,음식점,일반,휴양 및 관광,홈페이지,일반,전화,아웃바운드,완료,20211104
20211103,한국어,음식,음식,한식,산책길,자연휴양림,오름,절물자연휴양림,수월봉,일반,휴양 및 관광,홈페이지,일반,전화,아웃바운드,완료,20211103
20211103,한국어,음식,음식,향토음식,외국어,이용요금,유선,요금,서귀포,일반,휴양 및 관광,홈페이지,일반,전화,아웃바운드,완료,20211103
20211103,한국어,음식,음식,향토음식,외국어,이용요금,유선,요금,함덕,일반,휴양 및 관광,홈페이지,일반,전화,아웃바운드,완료,20211103
20211103,한국어,음식,음식,한식,외국어,이용요금,유선,요금,식당,일반,휴양 및 관광,홈페이지,일반,전화,아웃바운드,완료,20211103
20211105,한국어,음식,음식,한식,외국어,세화,재료소진,,,일반,휴양 및 관광,홈페이지,일반,전화,아웃바운드,완료,20211105
20211122,한국어,음식,음식,향토음식,정방폭포,해녀,폭포,매표소,판매,일반,휴양 및 관광,홈페이지,일반,전화,아웃바운드,완료,20211122
20211104,한국어,음식,음식,한식,외국어,안덕,음식점,서귀포,제주,일반,휴양 및 관광,홈페이지,일반,전화,아웃바운드,완료,20211104
20211127,한국어,음식,음식,향토음식,해녀,도두,갈치,판매,,일반,휴양 및 관광,홈페이지,일반,전화,아웃바운드,완료,20211127
20211104,한국어,음식,음식,향토음식,외국어,이용요금,유선,요금,서귀포,일반,휴양 및 관광,홈페이지,일반,전화,아웃바운드,완료,20211104
20211102,한국어,음식,음식,한식,성판악,유선,식당,이용,,일반,휴양 및 관광,홈페이지,일반,전화,인바운드,완료,20211103
20211103,한국어,음식,음식,카페,카페,이용,,,,일반,휴양 및 관광,홈페이지,일반,전화,아웃바운드,완료,20211103
20211103,한국어,음식,음식,한식,음식점,중문,,,,일반,휴양 및 관광,홈페이지,일반,전화,아웃바운드,완료,20211103
20211103,한국어,음식,음식,한식,운영시간,해녀,유선,문자,식당,일반,휴양 및 관광,홈페이지,일반,전화,인바운드,완료,20211103
20211107,한국어,음식,음식,한식,식당,,,,,일반,휴양 및 관광,홈페이지,일반,전화,아웃바운드,완료,20211107
20211108,한국어,음식,음식,한식,식당,골목,제주,이용시간,이용,일반,휴양 및 관광,홈페이지,일반,전화,아웃바운드,완료,20211108
20211108,한국어,음식,음식,한식,외국어,비자림,이용시간,이용,맛집,일반,휴양 및 관광,홈페이지,일반,전화,아웃바운드,완료,20211108
20211108,한국어,음식,음식,한식,외국어,해녀,,,,일반,휴양 및 관광,홈페이지,일반,전화,아웃바운드,완료,20211108
20211108,한국어,음식,음식,한식,식당,,,,,일반,휴양 및 관광,홈페이지,일반,전화,아웃바운드,완료,20211108
20211119,한국어,음식,음식,카페,인원,체험,이용,올티스,,일반,휴양 및 관광,홈페이지,일반,전화,아웃바운드,완료,20211119
20211104,한국어,음식,음식,한식,흑돼지,,,,,일반,휴양 및 관광,홈페이지,일반,전화,아웃바운드,완료,20211104
20211127,한국어,음식,음식,향토음식,문자,안전,도두,제주,갈치,일반,휴양 및 관광,홈페이지,일반,전화,인바운드,완료,20211127
20211108,한국어,음식,음식,한식,외국어,서귀포,제주,이용시간,이용,일반,휴양 및 관광,홈페이지,일반,전화,아웃바운드,완료,20211108
20211125,한국어,음식,음식,한식,문자,한라산,한라,제주,주소,일반,휴양 및 관광,홈페이지,일반,전화,인바운드,완료,20211125
20211127,한국어,음식,음식,향토음식,갈치,판매,,,,일반,휴양 및 관광,홈페이지,일반,전화,아웃바운드,완료,20211127
20211127,한국어,음식,음식,향토음식,갈치,판매,횟집,,,일반,휴양 및 관광,홈페이지,일반,전화,아웃바운드,완료,20211127
20211101,한국어,음식,음식,한식,문자,중문,제주,관광정보,,일반,휴양 및 관광,홈페이지,일반,전화,인바운드,완료,20211101
20211105,한국어,음식,음식,향토음식,성산,문자,숙소,식당,안전,일반,휴양 및 관광,홈페이지,일반,전화,인바운드,완료,20211105
20211112,한국어,음식,음식,한식,,,,,,일반,휴양 및 관광,홈페이지,일반,전화,아웃바운드,완료,20211112
20211110,한국어,음식,음식,향토음식,외국어,이용시간,이용,횟집,,일반,휴양 및 관광,홈페이지,일반,전화,아웃바운드,완료,20211110
20211110,한국어,음식,음식,향토음식,외국어,식당,이용,,,일반,휴양 및 관광,홈페이지,일반,전화,아웃바운드,완료,20211110
20211110,한국어,음식,음식,향토음식,외국어,이용시간,이용,맛집,,일반,휴양 및 관광,홈페이지,일반,전화,아웃바운드,완료,20211110
20211110,한국어,음식,음식,향토음식,이용,,,,,일반,휴양 및 관광,홈페이지,일반,전화,아웃바운드,완료,20211110
20211110,한국어,음식,음식,향토음식,제주도청,음식점,제주,,,일반,휴양 및 관광,홈페이지,일반,전화,아웃바운드,완료,20211110
20211112,한국어,음식,음식,향토음식,식당,이용,,,,일반,휴양 및 관광,홈페이지,일반,전화,아웃바운드,완료,20211112
20211127,한국어,음식,음식,향토음식,연락처,문자,안전,인터넷,제주,일반,휴양 및 관광,홈페이지,일반,전화,인바운드,완료,20211127
20211109,한국어,음식,음식,한식,천제연,음식점,서귀포,중문,제주,일반,휴양 및 관광,홈페이지,일반,전화,아웃바운드,완료,20211109
20211108,한국어,음식,음식,한식,성산,,,,,일반,휴양 및 관광,홈페이지,일반,전화,아웃바운드,완료,20211108
20211108,한국어,음식,음식,한식,성산,제주,,,,일반,휴양 및 관광,홈페이지,일반,전화,아웃바운드,완료,20211108
20211108,한국어,음식,음식,한식,이용시간,이용,주소,맛집,,일반,휴양 및 관광,홈페이지,일반,전화,아웃바운드,완료,20211108
20211109,한국어,음식,음식,향토음식,외국어,,,,,일반,휴양 및 관광,홈페이지,일반,전화,아웃바운드,완료,20211109
20211111,한국어,음식,음식,향토음식,연락처,올레,올레시장,,,일반,휴양 및 관광,홈페이지,일반,전화,인바운드,완료,20211111
20211112,한국어,음식,음식,향토음식,운영시간,휴무일,마라도,성산,자연,일반,휴양 및 관광,홈페이지,일반,전화,인바운드,완료,20211115
20211112,한국어,음식,음식,카페,연락처,문자,안전,해수,함덕,일반,휴양 및 관광,홈페이지,일반,전화,인바운드,완료,20211112
20211112,한국어,음식,음식,향토음식,외국어,식당,자리돔,이용,,일반,휴양 및 관광,홈페이지,일반,전화,아웃바운드,완료,20211112
20211112,한국어,음식,음식,향토음식,외국어,식당,이용시간,이용,,일반,휴양 및 관광,홈페이지,일반,전화,아웃바운드,완료,20211112
20211107,한국어,음식,음식,한식,,,,,,일반,휴양 및 관광,홈페이지,일반,전화,아웃바운드,완료,20211107
20211109,한국어,음식,음식,향토음식,외국어,,,,,일반,휴양 및 관광,홈페이지,일반,전화,아웃바운드,완료,20211109
20211108,한국어,음식,음식,향토음식,개장,제주,고사리,문의처,,일반,휴양 및 관광,114,일반,전화,인바운드,완료,20211108
20211108,한국어,음식,음식,한식,식당,골목,이용,맛집,골목식당,일반,휴양 및 관광,홈페이지,일반,전화,아웃바운드,완료,20211108
20211108,한국어,음식,음식,한식,이용,맛집,토종닭,황금토종닭,,일반,휴양 및 관광,홈페이지,일반,전화,아웃바운드,완료,20211108
20211127,한국어,음식,음식,향토음식,갈치,판매,횟집,,,일반,휴양 및 관광,홈페이지,일반,전화,아웃바운드,완료,20211127
20211127,한국어,음식,음식,향토음식,갈치,판매,횟집,,,일반,휴양 및 관광,홈페이지,일반,전화,아웃바운드,완료,20211127
20211121,한국어,음식,음식,한식,오름,문자,식당,음식점,인터넷,일반,휴양 및 관광,홈페이지,일반,전화,인바운드,완료,20211121
20211122,한국어,음식,음식,향토음식,해녀,매표소,판매,주상절리,,일반,휴양 및 관광,홈페이지,일반,전화,아웃바운드,완료,20211122
20211123,한국어,음식,음식,카페,,,,,,일반,휴양 및 관광,홈페이지,일반,전화,아웃바운드,완료,20211123
20211129,한국어,음식,음식,향토음식,운영시간,1100,유선,문자,안전,일반,휴양 및 관광,홈페이지,일반,전화,인바운드,완료,20211129
20211128,한국어,음식,음식,향토음식,유선,문자,음식점,서귀포,중문,일반,휴양 및 관광,홈페이지,일반,전화,인바운드,완료,20211128
20211127,한국어,음식,음식,향토음식,문자,음식점,인터넷,제주,갈치,일반,휴양 및 관광,홈페이지,일반,전화,인바운드,완료,20211127
20211121,한국어,음식,음식,한식,오름,문자,식당,음식점,인터넷,일반,휴양 및 관광,홈페이지,일반,전화,아웃바운드,완료,20211121
20211122,한국어,음식,음식,한식,유선,문자,식당,안전,제주,일반,휴양 및 관광,홈페이지,일반,전화,인바운드,완료,20211122
20211214,한국어,음식,음식,동남아식,,,,,,일반,휴양 및 관광,홈페이지,일반,전화,아웃바운드,완료,20211214
20211214,한국어,음식,음식,동남아식,,,,,,일반,휴양 및 관광,홈페이지,일반,전화,아웃바운드,완료,20211214
20211217,한국어,음식,음식,카페,호텔,부영,리조트,카페,,일반,휴양 및 관광,홈페이지,일반,전화,인바운드,완료,20211217
20211221,한국어,음식,음식,카페,,,,,,일반,휴양 및 관광,홈페이지,일반,전화,아웃바운드,완료,20211221
20211221,한국어,음식,음식,카페,호텔,,,,,일반,휴양 및 관광,홈페이지,일반,전화,아웃바운드,완료,20211221
20211222,한국어,음식,음식,카페,애견,카페,이용,,,일반,휴양 및 관광,홈페이지,일반,전화,아웃바운드,완료,20211222
20211220,한국어,음식,음식,한식,외국어,,,,,일반,휴양 및 관광,홈페이지,일반,전화,아웃바운드,완료,20211229
20211230,한국어,음식,음식,한식,성산,일출봉,문자,인터넷,제주,일반,휴양 및 관광,홈페이지,일반,전화,인바운드,완료,20211230
20211215,한국어,음식,음식,한식,외국어,식당,재료소진,,,일반,휴양 및 관광,홈페이지,일반,전화,아웃바운드,완료,20211215
20211216,한국어,음식,음식,한식,식당,보성,,,,통화중단,휴양 및 관광,홈페이지,일반,전화,아웃바운드,완료,20211216
20211207,한국어,음식,음식,한식,문자,식당,안전,제주,맛집,일반,휴양 및 관광,홈페이지,일반,전화,인바운드,완료,20211207
20211202,한국어,음식,음식,한식,1100,고지,마라도,천제연,유선,일반,휴양 및 관광,홈페이지,일반,전화,아웃바운드,완료,20211202
20211202,한국어,음식,음식,한식,1100,고지,마라도,천제연,유선,일반,휴양 및 관광,홈페이지,일반,전화,인바운드,완료,20211202
20211221,한국어,음식,음식,한식,용두암,문자,도두,인터넷,제주,일반,휴양 및 관광,홈페이지,일반,전화,인바운드,완료,20211221
20211209,한국어,음식,음식,한식,박물관,식당,항공우주,안덕,모슬포,일반,휴양 및 관광,홈페이지,일반,전화,인바운드,완료,20211209
20211215,한국어,음식,음식,한식,외국어,,,,,일반,휴양 및 관광,홈페이지,일반,전화,아웃바운드,완료,20211215
20211207,한국어,음식,음식,한식,문자,식당,안전,대정,서귀포,일반,휴양 및 관광,홈페이지,일반,전화,인바운드,완료,20211207
20211209,한국어,음식,음식,한식,서귀포,올레,횟집,올레시장,,일반,휴양 및 관광,홈페이지,일반,전화,인바운드,완료,20211209
20211214,한국어,음식,음식,한식,해녀,문자,도두,시내,제주,일반,휴양 및 관광,홈페이지,일반,전화,인바운드,완료,20211214
20211230,한국어,음식,음식,향토음식,외국어,운영시간,해녀,,,일반,휴양 및 관광,홈페이지,일반,전화,아웃바운드,완료,20211230
20211230,한국어,음식,음식,향토음식,외국어,운영시간,,,,일반,휴양 및 관광,홈페이지,일반,전화,아웃바운드,완료,20211230
20211228,한국어,음식,음식,향토음식,,,,,,일반,휴양 및 관광,홈페이지,일반,전화,아웃바운드,완료,20211228
20211209,한국어,음식,음식,향토음식,음식점,,,,,일반,휴양 및 관광,홈페이지,일반,전화,아웃바운드,완료,20211209
20211209,한국어,음식,음식,향토음식,,,,,,일반,휴양 및 관광,홈페이지,일반,전화,아웃바운드,완료,20211209
20211230,한국어,음식,음식,향토음식,외국어,운영시간,,,,일반,휴양 및 관광,홈페이지,일반,전화,아웃바운드,완료,20211230
20211201,한국어,음식,음식,향토음식,성산,유선,문자,코지,서귀포,일반,휴양 및 관광,홈페이지,일반,전화,인바운드,완료,20211201
20211209,한국어,음식,음식,향토음식,운영시간,,,,,일반,휴양 및 관광,홈페이지,일반,전화,아웃바운드,완료,20211209
20211209,한국어,음식,음식,향토음식,운영시간,,,,,일반,휴양 및 관광,홈페이지,일반,전화,아웃바운드,완료,20211209
20211210,한국어,음식,음식,향토음식,음식점,서귀포,갈치,,,일반,휴양 및 관광,홈페이지,일반,전화,인바운드,완료,20211210
20211228,한국어,음식,음식,향토음식,외국어,이용요금,요금,제주,구좌,일반,휴양 및 관광,홈페이지,일반,전화,아웃바운드,완료,20211228
20211205,한국어,음식,음식,향토음식,비자림,문자,식당,골목,제주,일반,휴양 및 관광,홈페이지,일반,전화,인바운드,완료,20211205
20211222,한국어,음식,음식,향토음식,천제연,문자,인터넷,서귀포,중문,일반,휴양 및 관광,홈페이지,일반,전화,인바운드,완료,20211222
20211217,영어,음식,음식,기타,문자,호텔,방문,,,일반,휴양 및 관광,홈페이지,일반,전화,인바운드,완료,20211217
20211217,영어,음식,음식,기타,문자,호텔,방문,,,일반,휴양 및 관광,홈페이지,일반,전화,인바운드,완료,20211217
20220103,한국어,음식,음식,향토음식,운영시간,,,,,일반,휴양 및 관광,홈페이지,일반,전화,아웃바운드,완료,20220103
20220107,한국어,음식,음식,향토음식,문자,식당,안전,대정,서귀포,일반,휴양 및 관광,홈페이지,일반,전화,인바운드,완료,20220107
20220107,한국어,음식,음식,향토음식,천제연,문자,숙소,호텔,식당,일반,휴양 및 관광,홈페이지,일반,전화,인바운드,완료,20220107
20220108,한국어,음식,음식,향토음식,산방산,유선,문자,숙소,식당,일반,휴양 및 관광,홈페이지,일반,전화,인바운드,완료,20220108
20220110,한국어,음식,음식,한식,운영시간,식당,성읍,,,일반,휴양 및 관광,홈페이지,일반,전화,아웃바운드,완료,20220110
20220110,한국어,음식,음식,한식,운영시간,식당,한라,,,일반,휴양 및 관광,홈페이지,일반,전화,아웃바운드,완료,20220110
20220110,한국어,음식,음식,한식,운영시간,식당,,,,일반,휴양 및 관광,홈페이지,일반,전화,아웃바운드,완료,20220110
20220110,한국어,음식,음식,한식,,,,,,일반,휴양 및 관광,홈페이지,일반,전화,아웃바운드,완료,20220110
20220110,한국어,음식,음식,한식,이용,가든,,,,일반,휴양 및 관광,홈페이지,일반,전화,아웃바운드,완료,20220110
20220110,한국어,음식,음식,한식,운영시간,식당,,,,일반,휴양 및 관광,홈페이지,일반,전화,아웃바운드,완료,20220110
20220110,한국어,음식,음식,한식,,,,,,일반,휴양 및 관광,홈페이지,일반,전화,아웃바운드,완료,20220110
20220110,한국어,음식,음식,한식,인원,한라수목원,수목원,한라,,일반,휴양 및 관광,홈페이지,일반,전화,아웃바운드,완료,20220110
20220110,한국어,음식,음식,한식,사전예약,운영시간,식당,,,일반,휴양 및 관광,홈페이지,일반,전화,아웃바운드,완료,20220110
20220110,한국어,음식,음식,한식,운영시간,가든,,,,일반,휴양 및 관광,홈페이지,일반,전화,아웃바운드,완료,20220110
20220110,한국어,음식,음식,한식,운영시간,식당,,,,일반,휴양 및 관광,홈페이지,일반,전화,아웃바운드,완료,20220110
20220110,한국어,음식,음식,한식,사전예약,운영시간,,,,일반,휴양 및 관광,홈페이지,일반,전화,아웃바운드,완료,20220110
20220110,한국어,음식,음식,한식,인원,식당,,,,일반,휴양 및 관광,홈페이지,일반,전화,아웃바운드,완료,20220110
20220110,한국어,음식,음식,한식,인원,우도,식당,,,일반,휴양 및 관광,홈페이지,일반,전화,아웃바운드,완료,20220110
20220110,한국어,음식,음식,한식,식당,,,,,일반,휴양 및 관광,홈페이지,일반,전화,아웃바운드,완료,20220110
20220110,한국어,음식,음식,한식,,,,,,일반,휴양 및 관광,홈페이지,일반,전화,아웃바운드,완료,20220110
20220110,한국어,음식,음식,한식,식당,한라,,,,일반,휴양 및 관광,홈페이지,일반,전화,아웃바운드,완료,20220110
20220110,한국어,음식,음식,한식,인원,식당,정원,힐링,갈치,일반,휴양 및 관광,홈페이지,일반,전화,아웃바운드,완료,20220110
20220110,한국어,음식,음식,한식,,,,,,일반,휴양 및 관광,홈페이지,일반,전화,아웃바운드,완료,20220110
20220112,한국어,음식,음식,한식,외국어,연락처,온라인,이용,,일반,휴양 및 관광,홈페이지,일반,전화,아웃바운드,완료,20220114
20220112,한국어,음식,음식,한식,운영시간,휴무일,문자,호텔,식당,일반,휴양 및 관광,홈페이지,일반,전화,인바운드,완료,20220112
20220112,한국어,음식,음식,한식,이용,,,,,일반,휴양 및 관광,홈페이지,일반,전화,아웃바운드,완료,20220112
20220113,한국어,음식,음식,한식,운영시간,방문,,,,일반,휴양 및 관광,홈페이지,일반,전화,아웃바운드,완료,20220113
20220113,한국어,음식,음식,한식,사전예약,운영시간,공지,,,일반,휴양 및 관광,홈페이지,일반,전화,아웃바운드,완료,20220113
20220113,한국어,음식,음식,한식,운영시간,방문,,,,일반,휴양 및 관광,홈페이지,일반,전화,아웃바운드,완료,20220113
20220113,한국어,음식,음식,한식,운영시간,카페,,,,일반,휴양 및 관광,홈페이지,일반,전화,아웃바운드,완료,20220113
20220113,한국어,음식,음식,한식,유선,,,,,일반,휴양 및 관광,홈페이지,일반,전화,아웃바운드,완료,20220113
20220113,한국어,음식,음식,한식,식당,맑은,,,,일반,휴양 및 관광,홈페이지,일반,전화,아웃바운드,완료,20220113
20220113,한국어,음식,음식,한식,박물관,식당,항공우주,,,일반,휴양 및 관광,홈페이지,일반,전화,아웃바운드,완료,20220113
20220113,한국어,음식,음식,한식,,,,,,일반,휴양 및 관광,홈페이지,일반,전화,아웃바운드,완료,20220113
20220113,한국어,음식,음식,한식,식당,한라,표선,,,일반,휴양 및 관광,홈페이지,일반,전화,아웃바운드,완료,20220113
20220113,한국어,음식,음식,한식,카페,,,,,일반,휴양 및 관광,홈페이지,일반,전화,아웃바운드,완료,20220113
20220113,한국어,음식,음식,한식,,,,,,일반,휴양 및 관광,홈페이지,일반,전화,아웃바운드,완료,20220113
20220113,한국어,음식,음식,한식,,,,,,일반,휴양 및 관광,홈페이지,일반,전화,아웃바운드,완료,20220113
20220114,한국어,음식,음식,향토음식,,,,,,일반,휴양 및 관광,홈페이지,일반,전화,아웃바운드,완료,20220114
20220117,한국어,음식,음식,한식,식당,한라,가든,,,일반,휴양 및 관광,홈페이지,일반,전화,아웃바운드,완료,20220117
20220119,한국어,음식,음식,카페,이용,,,,,일반,휴양 및 관광,홈페이지,일반,전화,아웃바운드,완료,20220119
20220119,한국어,음식,음식,향토음식,모슬포,제주,갈치,모슬포항,,일반,휴양 및 관광,홈페이지,일반,전화,인바운드,완료,20220119
20220124,한국어,음식,음식,한식,운영시간,천제연폭포,천제연,폭포,문자,일반,휴양 및 관광,홈페이지,일반,전화,인바운드,완료,20220124
20220125,한국어,음식,음식,향토음식,유선,문자,식당,시내,제주,일반,휴양 및 관광,홈페이지,일반,전화,인바운드,완료,20220125
20220126,한국어,음식,음식,향토음식,유선,문자,식당,안전,제주,일반,휴양 및 관광,홈페이지,일반,전화,인바운드,완료,20220126
20220202,한국어,음식,음식,카페,카페,,,,,일반,휴양 및 관광,홈페이지,일반,전화,인바운드,완료,20220202
20220202,한국어,음식,음식,카페,연락처,카페,,,,일반,휴양 및 관광,홈페이지,일반,전화,아웃바운드,완료,20220202
20220203,한국어,음식,음식,향토음식,연락처,해녀,산방산,매표소,유선,일반,휴양 및 관광,홈페이지,일반,전화,인바운드,완료,20220203
20220204,한국어,음식,음식,향토음식,해녀,김녕,이용시간,이용,김녕해녀촌,일반,휴양 및 관광,홈페이지,일반,전화,아웃바운드,완료,20220204
20220204,한국어,음식,음식,향토음식,해녀,도두,이용시간,이용,도두해녀의집,일반,휴양 및 관광,홈페이지,일반,전화,아웃바운드,완료,20220204
20220204,한국어,음식,음식,향토음식,해녀,이용,해녀촌,,,일반,휴양 및 관광,홈페이지,일반,전화,아웃바운드,완료,20220204
20220204,한국어,음식,음식,향토음식,해녀,이용,해녀촌,민경이네,,일반,휴양 및 관광,홈페이지,일반,전화,아웃바운드,완료,20220204
20220207,한국어,음식,음식,카페,체험,커피,수목원,제주,,일반,휴양 및 관광,홈페이지,일반,전화,아웃바운드,완료,20220207
20220207,한국어,음식,음식,향토음식,이용,,,,,일반,휴양 및 관광,홈페이지,일반,전화,아웃바운드,완료,20220207
20220207,한국어,음식,음식,향토음식,이용,,,,,일반,휴양 및 관광,홈페이지,일반,전화,아웃바운드,완료,20220207
20220207,한국어,음식,음식,향토음식,이용,,,,,일반,휴양 및 관광,홈페이지,일반,전화,아웃바운드,완료,20220207
20220207,한국어,음식,음식,향토음식,이용,,,,,일반,휴양 및 관광,홈페이지,일반,전화,아웃바운드,완료,20220207
20220208,한국어,음식,음식,향토음식,연락처,신라,중문,이용,,일반,휴양 및 관광,홈페이지,일반,전화,아웃바운드,완료,20220208
20220208,한국어,음식,음식,향토음식,해녀,이용,해녀의집,강정,,일반,휴양 및 관광,홈페이지,일반,전화,아웃바운드,완료,20220208
20220208,한국어,음식,음식,향토음식,해녀,이용,해녀의집,오조해녀의집,,일반,휴양 및 관광,홈페이지,일반,전화,아웃바운드,완료,20220208
20220208,한국어,음식,음식,향토음식,해녀,이용,해녀의집,,,일반,휴양 및 관광,홈페이지,일반,전화,아웃바운드,완료,20220208
20220208,한국어,음식,음식,향토음식,해녀,코지,이용,해녀의집,섭지,일반,휴양 및 관광,홈페이지,일반,전화,아웃바운드,완료,20220208
20220208,한국어,음식,음식,향토음식,해녀,우도,이용,해녀의집,물꼬해녀의집,일반,휴양 및 관광,홈페이지,일반,전화,아웃바운드,완료,20220208
20220208,한국어,음식,음식,향토음식,해녀,매표소,판매,용머리해안,,일반,휴양 및 관광,홈페이지,일반,전화,아웃바운드,완료,20220208
20220208,한국어,음식,음식,향토음식,해녀,용두암,,,,일반,휴양 및 관광,홈페이지,일반,전화,아웃바운드,완료,20220208
20220208,한국어,음식,음식,향토음식,해녀,이용,해녀의집,시흥리,,일반,휴양 및 관광,홈페이지,일반,전화,아웃바운드,완료,20220208
20220209,한국어,음식,음식,향토음식,함덕,이용,,,,일반,휴양 및 관광,홈페이지,일반,전화,아웃바운드,완료,20220209
20220209,한국어,음식,음식,향토음식,이용,가든,,,,일반,휴양 및 관광,홈페이지,일반,전화,아웃바운드,완료,20220209
20220209,한국어,음식,음식,향토음식,이용,횟집,,,,일반,휴양 및 관광,홈페이지,일반,전화,아웃바운드,완료,20220209
20220209,한국어,음식,음식,향토음식,이용,가든,,,,일반,휴양 및 관광,홈페이지,일반,전화,아웃바운드,완료,20220209
20220209,한국어,음식,음식,향토음식,이용,,,,,일반,휴양 및 관광,홈페이지,일반,전화,아웃바운드,완료,20220209
20220209,한국어,음식,음식,향토음식,이용시간,이용,,,,일반,휴양 및 관광,홈페이지,일반,전화,아웃바운드,완료,20220209
20220209,한국어,음식,음식,향토음식,이용,,,,,일반,휴양 및 관광,홈페이지,일반,전화,아웃바운드,완료,20220209
20220209,한국어,음식,음식,한식,이용시간,이용,,,,일반,휴양 및 관광,홈페이지,일반,전화,아웃바운드,완료,20220209
20220209,한국어,음식,음식,향토음식,이용,횟집,,,,일반,휴양 및 관광,홈페이지,일반,전화,아웃바운드,완료,20220209
20220209,한국어,음식,음식,한식,식당,이용,,,,일반,휴양 및 관광,홈페이지,일반,전화,아웃바운드,완료,20220209
20220209,한국어,음식,음식,한식,외국어,연락처,성산,일출봉,이용시간,일반,휴양 및 관광,홈페이지,일반,전화,아웃바운드,완료,20220209
20220210,한국어,음식,음식,향토음식,해녀,성산,유선,해녀의집,어촌계,일반,휴양 및 관광,홈페이지,일반,전화,아웃바운드,완료,20220210
20220210,한국어,음식,음식,향토음식,해녀,이용,해녀의집,협재해녀의집,,일반,휴양 및 관광,홈페이지,일반,전화,아웃바운드,완료,20220210
20220210,한국어,음식,음식,한식,,,,,,일반,휴양 및 관광,홈페이지,일반,전화,아웃바운드,완료,20220210
20220210,한국어,음식,음식,한식,,,,,,일반,휴양 및 관광,홈페이지,일반,전화,아웃바운드,완료,20220210
20220210,한국어,음식,음식,한식,가든,,,,,일반,휴양 및 관광,홈페이지,일반,전화,아웃바운드,완료,20220210
20220210,한국어,음식,음식,향토음식,운영시간,해녀,해녀의집,,,일반,휴양 및 관광,홈페이지,일반,전화,아웃바운드,완료,20220210
20220210,한국어,음식,음식,한식,가격,,,,,일반,휴양 및 관광,홈페이지,일반,전화,아웃바운드,완료,20220210
20220210,한국어,음식,음식,한식,제주,,,,,일반,휴양 및 관광,홈페이지,일반,전화,아웃바운드,완료,20220210
20220210,한국어,음식,음식,향토음식,해녀,이용,가파도,해녀촌,,일반,휴양 및 관광,홈페이지,일반,전화,아웃바운드,완료,20220210
20220210,한국어,음식,음식,한식,식당,,,,,일반,휴양 및 관광,홈페이지,일반,전화,인바운드,완료,20220210
20220210,한국어,음식,음식,향토음식,해녀,중문,이용,해녀의집,,일반,휴양 및 관광,홈페이지,일반,전화,아웃바운드,완료,20220210
20220210,한국어,음식,음식,기타,산방산,식당,송악산,,,일반,휴양 및 관광,홈페이지,일반,전화,인바운드,완료,20220210
20220211,한국어,음식,음식,향토음식,이용시간,이용,,,,일반,휴양 및 관광,홈페이지,일반,전화,아웃바운드,완료,20220211
20220211,한국어,음식,음식,향토음식,제주,이용,횟집,,,일반,휴양 및 관광,홈페이지,일반,전화,아웃바운드,완료,20220211
20220214,한국어,음식,음식,향토음식,연락처,해녀,매표소,문자,모슬포,일반,휴양 및 관광,홈페이지,일반,전화,인바운드,완료,20220214
20220215,한국어,음식,음식,한식,횟집,,,,,일반,휴양 및 관광,홈페이지,일반,전화,아웃바운드,완료,20220215
20220215,한국어,음식,음식,한식,해녀,해녀촌,촌촌해녀촌,,,일반,휴양 및 관광,홈페이지,일반,전화,아웃바운드,완료,20220215
20220215,한국어,음식,음식,한식,,,,,,일반,휴양 및 관광,홈페이지,일반,전화,아웃바운드,완료,20220215
20220215,한국어,음식,음식,한식,횟집,,,,,일반,휴양 및 관광,홈페이지,일반,전화,아웃바운드,완료,20220215
20220215,한국어,음식,음식,한식,식당,,,,,일반,휴양 및 관광,홈페이지,일반,전화,아웃바운드,완료,20220215
20220215,한국어,음식,음식,한식,,,,,,일반,휴양 및 관광,홈페이지,일반,전화,아웃바운드,완료,20220215
20220216,한국어,음식,음식,기타,오름,,,,,일반,휴양 및 관광,홈페이지,일반,전화,인바운드,완료,20220216
20220216,한국어,음식,음식,한식,오름,문자,식당,음식점,인터넷,일반,휴양 및 관광,홈페이지,일반,전화,인바운드,완료,20220216
20220217,한국어,음식,음식,한식,식당,,,,,일반,휴양 및 관광,홈페이지,일반,전화,아웃바운드,완료,20220217
20220217,한국어,음식,음식,한식,식당,,,,,일반,휴양 및 관광,홈페이지,일반,전화,아웃바운드,완료,20220217
20220217,한국어,음식,음식,한식,인원,사전예약,식당,판매,흑돼지구이,일반,휴양 및 관광,홈페이지,일반,전화,아웃바운드,완료,20220217
20220217,한국어,음식,음식,한식,인원,연락처,식당,신라,중문,일반,휴양 및 관광,홈페이지,일반,전화,아웃바운드,완료,20220217
20220219,한국어,음식,음식,향토음식,안내소,해녀,용두암,이용시간,이용,일반,휴양 및 관광,홈페이지,일반,전화,인바운드,완료,20220219
20220221,한국어,음식,음식,한식,식당,제주,,,,일반,휴양 및 관광,홈페이지,일반,전화,아웃바운드,완료,20220221
20220221,한국어,음식,음식,한식,가든,,,,,일반,휴양 및 관광,홈페이지,일반,전화,아웃바운드,완료,20220221
20220221,한국어,음식,음식,향토음식,,,,,,일반,휴양 및 관광,홈페이지,일반,전화,아웃바운드,완료,20220222
20220221,한국어,음식,음식,향토음식,식당,,,,,일반,휴양 및 관광,홈페이지,일반,전화,아웃바운드,완료,20220221
20220221,한국어,음식,음식,한식,인원,성산,자연,식당,서귀포,일반,휴양 및 관광,홈페이지,일반,전화,아웃바운드,완료,20220221
20220221,한국어,음식,음식,향토음식,횟집,,,,,일반,휴양 및 관광,홈페이지,일반,전화,아웃바운드,완료,20220221
20220221,한국어,음식,음식,한식,식당,,,,,일반,휴양 및 관광,홈페이지,일반,전화,아웃바운드,완료,20220221
20220221,한국어,음식,음식,한식,천제연,식당,서귀포,,,일반,휴양 및 관광,홈페이지,일반,전화,아웃바운드,완료,20220221
20220224,한국어,음식,음식,카페,이용요금,동반,체험,입장료,요금,일반,휴양 및 관광,홈페이지,일반,전화,아웃바운드,완료,20220224
20220306,한국어,음식,음식,한식,유선,문자,식당,인터넷,제주,일반,휴양 및 관광,홈페이지,일반,전화,인바운드,완료,20220306
20220307,한국어,음식,음식,카페,동반,카페,이용,케이지,,일반,휴양 및 관광,홈페이지,일반,전화,아웃바운드,완료,20220307
20220310,한국어,음식,음식,카페,음식점,카페,,,,일반,휴양 및 관광,홈페이지,일반,전화,아웃바운드,완료,20220310
20220310,한국어,음식,음식,카페,카페,,,,,일반,휴양 및 관광,홈페이지,일반,전화,아웃바운드,완료,20220310
20220310,한국어,음식,음식,카페,카페,,,,,일반,휴양 및 관광,홈페이지,일반,전화,아웃바운드,완료,20220310
20220311,한국어,음식,음식,카페,미술관,제주,이용,,,일반,휴양 및 관광,홈페이지,일반,전화,아웃바운드,완료,20220311
20220311,한국어,음식,음식,카페,커피,카페,,,,일반,휴양 및 관광,홈페이지,일반,전화,아웃바운드,완료,20220311
20220314,한국어,음식,음식,향토음식,꿩메밀,,,,,일반,휴양 및 관광,홈페이지,일반,전화,아웃바운드,완료,20220314
20220314,한국어,음식,음식,향토음식,사전예약,외국인,고을면,방문,,일반,휴양 및 관광,홈페이지,일반,전화,아웃바운드,완료,20220314
20220314,한국어,음식,음식,향토음식,가격,이용시간,이용,꿩메밀,정의고을,일반,휴양 및 관광,홈페이지,일반,전화,아웃바운드,완료,20220314
20220314,한국어,음식,음식,향토음식,사월의꿩,,,,,일반,휴양 및 관광,홈페이지,일반,전화,아웃바운드,완료,20220314
20220314,한국어,음식,음식,향토음식,식당,골목,이용시간,이용,골목식당,일반,휴양 및 관광,홈페이지,일반,전화,아웃바운드,완료,20220314
20220314,한국어,음식,음식,향토음식,마을,꿩마을,,,,일반,휴양 및 관광,홈페이지,일반,전화,아웃바운드,완료,20220314
20220315,한국어,음식,음식,한식,문자,식당,안전,제주,주소,일반,휴양 및 관광,홈페이지,일반,전화,인바운드,완료,20220315
20220315,한국어,음식,음식,향토음식,문자,식당,안전,음식점,제주,일반,휴양 및 관광,홈페이지,일반,전화,인바운드,완료,20220315
20220315,한국어,음식,음식,향토음식,문자,제주,주소,흑돼지,,일반,휴양 및 관광,홈페이지,일반,전화,인바운드,완료,20220315
20220316,한국어,음식,음식,향토음식,사전예약,휴무일,문자,식당,안전,일반,휴양 및 관광,홈페이지,일반,전화,인바운드,완료,20220316
20220318,한국어,음식,음식,한식,외국어,운영시간,메밀꽃차롱,,,일반,휴양 및 관광,홈페이지,일반,전화,아웃바운드,완료,20220318
20220318,한국어,음식,음식,한식,외국어,사전예약,운영시간,토종닭,황금토종닭,일반,휴양 및 관광,홈페이지,일반,전화,아웃바운드,완료,20220318
20220318,한국어,음식,음식,한식,외국어,운영시간,오름,오름가든,가든,일반,휴양 및 관광,홈페이지,일반,전화,아웃바운드,완료,20220318
20220320,한국어,음식,음식,한식,문자,식당,안전,회관,함덕,일반,휴양 및 관광,홈페이지,일반,전화,인바운드,완료,20220320
20220322,한국어,음식,음식,향토음식,개장,정방폭포,해녀,폭포,이용,일반,휴양 및 관광,홈페이지,일반,전화,아웃바운드,완료,20220322
20220322,한국어,음식,음식,향토음식,해녀,주상절리,,,,일반,휴양 및 관광,홈페이지,일반,전화,아웃바운드,완료,20220322
20220322,한국어,음식,음식,한식,이용시간,이용,,,,일반,휴양 및 관광,홈페이지,일반,전화,아웃바운드,완료,20220322
20220322,한국어,음식,음식,한식,제주,,,,,일반,휴양 및 관광,홈페이지,일반,전화,아웃바운드,완료,20220322
20220323,한국어,음식,음식,한식,사전예약,유선,문자,인터넷,제주,일반,휴양 및 관광,홈페이지,일반,전화,인바운드,완료,20220323
20220323,한국어,음식,음식,한식,제주,,,,,일반,휴양 및 관광,홈페이지,일반,전화,아웃바운드,완료,20220323
20220323,한국어,음식,음식,카페,이용,,,,,일반,휴양 및 관광,홈페이지,일반,전화,아웃바운드,완료,20220323
20220323,한국어,음식,음식,한식,검은쇠,,,,,일반,휴양 및 관광,홈페이지,일반,전화,아웃바운드,완료,20220323
20220323,한국어,음식,음식,카페,이용시간,이용,,,,일반,휴양 및 관광,홈페이지,일반,전화,아웃바운드,완료,20220323
20220324,한국어,음식,음식,한식,식당,한라,,,,일반,휴양 및 관광,홈페이지,일반,전화,아웃바운드,완료,20220324
20220324,한국어,음식,음식,한식,성산,식당,표선,,,일반,휴양 및 관광,홈페이지,일반,전화,인바운드,완료,20220324
20220328,한국어,음식,음식,카페,사전예약,요금,무료,가격,올티스,일반,휴양 및 관광,홈페이지,일반,전화,아웃바운드,완료,20220328
20220330,한국어,음식,음식,향토음식,제주,관광정보,방문,,,일반,휴양 및 관광,홈페이지,일반,전화,인바운드,완료,20220330
20220330,한국어,음식,음식,한식,운영시간,,,,,일반,휴양 및 관광,홈페이지,일반,전화,아웃바운드,완료,20220330
20220331,한국어,음식,음식,향토음식,만장굴,문자,식당,시내,제주,일반,휴양 및 관광,홈페이지,일반,전화,인바운드,완료,20220331
20220401,한국어,음식,음식,양식,운영시간,오름,우도,유선,문자,일반,휴양 및 관광,홈페이지,일반,전화,인바운드,완료,20220401
20220403,한국어,음식,음식,향토음식,운영시간,1100,유선,문자,제주,일반,휴양 및 관광,홈페이지,일반,전화,인바운드,완료,20220403
20220404,한국어,음식,음식,한식,인원,오름,한라수목원,용두암,문자,일반,휴양 및 관광,홈페이지,일반,전화,인바운드,완료,20220404
20220405,영어,음식,음식,한식,성산,문자,한라,서귀포,제주,일반,휴양 및 관광,홈페이지,일반,전화,인바운드,완료,20220405
20220406,한국어,음식,음식,한식,연락처,문자,식당,제주,주소,일반,휴양 및 관광,홈페이지,일반,전화,인바운드,완료,20220406
20220406,한국어,음식,음식,한식,문자,식당,안전,인터넷,제주,일반,휴양 및 관광,홈페이지,일반,전화,인바운드,완료,20220406
20220411,한국어,음식,음식,향토음식,유선,문자,호텔,식당,인터넷,일반,휴양 및 관광,홈페이지,일반,전화,인바운드,완료,20220411
20220412,한국어,음식,음식,카페,연락처,주차장,문자,안전,안덕,일반,휴양 및 관광,홈페이지,일반,전화,인바운드,완료,20220412
20220413,한국어,음식,음식,양식,운영시간,솔동산,우도,유선,문자,일반,휴양 및 관광,홈페이지,일반,전화,인바운드,완료,20220413
20220414,한국어,음식,음식,한식,운영시간,휴무일,문자,식당,안전,일반,휴양 및 관광,홈페이지,일반,전화,인바운드,완료,20220414
20220417,한국어,음식,음식,기타,고근산,식당,인터넷,서귀포,,일반,휴양 및 관광,홈페이지,일반,전화,인바운드,완료,20220517
20220418,한국어,음식,음식,한식,운영시간,주차장,문자,무료,서귀포,일반,휴양 및 관광,홈페이지,일반,전화,인바운드,완료,20220418
20220418,한국어,음식,음식,한식,해녀,유선,문자,식당,세화,일반,휴양 및 관광,홈페이지,일반,전화,인바운드,완료,20220418
20220419,한국어,음식,음식,한식,연락처,비자림,문화공원,유선,문자,일반,휴양 및 관광,홈페이지,일반,전화,인바운드,완료,20220419
20220421,한국어,음식,음식,향토음식,함덕,이용,흑돼지,,,일반,휴양 및 관광,홈페이지,일반,전화,아웃바운드,완료,20220421
20220421,한국어,음식,음식,향토음식,식당,이용,,,,일반,휴양 및 관광,홈페이지,일반,전화,아웃바운드,완료,20220421
20220421,한국어,음식,음식,향토음식,식당,이용,,,,일반,휴양 및 관광,홈페이지,일반,전화,아웃바운드,완료,20220421
20220421,한국어,음식,음식,향토음식,이용,,,,,일반,휴양 및 관광,홈페이지,일반,전화,아웃바운드,완료,20220421
20220421,한국어,음식,음식,향토음식,식당,이용,,,,일반,휴양 및 관광,홈페이지,일반,전화,아웃바운드,완료,20220421
20220422,한국어,음식,음식,한식,문자,식당,해수,함덕,제주,일반,휴양 및 관광,홈페이지,일반,전화,인바운드,완료,20220422
20220424,한국어,음식,음식,한식,소요시간,숲길,오름,사려니,주차장,일반,휴양 및 관광,홈페이지,일반,전화,인바운드,완료,20220424
20220425,한국어,음식,음식,향토음식,숲길,오름,사려니,물영아리,성산,일반,휴양 및 관광,홈페이지,일반,전화,인바운드,완료,20220425
20220426,한국어,음식,음식,카페,,,,,,일반,휴양 및 관광,홈페이지,일반,전화,아웃바운드,완료,20220426
20220426,한국어,음식,음식,일식,체험,마을,한림,이용,횟집,일반,휴양 및 관광,홈페이지,일반,전화,인바운드,완료,20220426
20220426,한국어,음식,음식,일식,한림,이용,횟집,,,일반,휴양 및 관광,홈페이지,일반,전화,아웃바운드,완료,20220426
20220426,한국어,음식,음식,일식,한림,이용,횟집,,,일반,휴양 및 관광,홈페이지,일반,전화,아웃바운드,완료,20220426
20220426,한국어,음식,음식,일식,한림,이용,횟집,,,일반,휴양 및 관광,홈페이지,일반,전화,아웃바운드,완료,20220426
20220426,한국어,음식,음식,일식,체험,마을,한림,이용,횟집,일반,휴양 및 관광,홈페이지,일반,전화,아웃바운드,완료,20220426
20220426,한국어,음식,음식,일식,한림,이용,횟집,,,일반,휴양 및 관광,홈페이지,일반,전화,아웃바운드,완료,20220426
20220426,한국어,음식,음식,일식,체험,마을,한림,이용,횟집,일반,휴양 및 관광,홈페이지,일반,전화,아웃바운드,완료,20220426
20220427,한국어,음식,음식,한식,맛집,어승생악,,,,일반,휴양 및 관광,홈페이지,일반,전화,인바운드,완료,20220427
20220427,한국어,음식,음식,한식,박물관,문자,식당,항공우주,파크,일반,휴양 및 관광,홈페이지,일반,전화,인바운드,완료,20220427
20220427,한국어,음식,음식,향토음식,,,,,,일반,휴양 및 관광,홈페이지,일반,전화,아웃바운드,완료,20220427
20220427,한국어,음식,음식,향토음식,한라,이용시간,이용,오메기떡,,일반,휴양 및 관광,홈페이지,일반,전화,아웃바운드,완료,20220427
20220427,한국어,음식,음식,향토음식,,,,,,일반,휴양 및 관광,홈페이지,일반,전화,아웃바운드,완료,20220427
20220427,한국어,음식,음식,향토음식,외국인,이용시간,이용,,,일반,휴양 및 관광,홈페이지,일반,전화,아웃바운드,완료,20220427
20220427,한국어,음식,음식,향토음식,외국어,외국인,이용시간,이용,방문,일반,휴양 및 관광,홈페이지,일반,전화,아웃바운드,완료,20220427
20220427,한국어,음식,음식,향토음식,이용시간,이용,,,,일반,휴양 및 관광,홈페이지,일반,전화,아웃바운드,완료,20220427
20220427,한국어,음식,음식,향토음식,이용시간,이용,재료소진,,,일반,휴양 및 관광,홈페이지,일반,전화,아웃바운드,완료,20220427
20220427,한국어,음식,음식,한식,박물관,문자,식당,항공우주,파크,일반,휴양 및 관광,홈페이지,일반,전화,아웃바운드,완료,20220427
20220427,한국어,음식,음식,일식,인원,이용,횟집,,,일반,휴양 및 관광,홈페이지,일반,전화,아웃바운드,완료,20220427
20220427,한국어,음식,음식,향토음식,외국어,이용시간,이용,,,일반,휴양 및 관광,홈페이지,일반,전화,아웃바운드,완료,20220427
20220427,한국어,음식,음식,향토음식,,,,,,일반,휴양 및 관광,홈페이지,일반,전화,아웃바운드,완료,20220427
20220427,한국어,음식,음식,향토음식,,,,,,일반,휴양 및 관광,홈페이지,일반,전화,아웃바운드,완료,20220427
20220428,한국어,음식,음식,한식,서귀포,흑돼지,가든,,,일반,휴양 및 관광,홈페이지,일반,전화,인바운드,완료,20220428
20220428,한국어,음식,음식,한식,1100,문자,식당,맑은,음식점,일반,휴양 및 관광,홈페이지,일반,전화,인바운드,완료,20220428
20220429,한국어,음식,음식,일식,유선,문자,식당,안전,제주,일반,휴양 및 관광,홈페이지,일반,전화,인바운드,완료,20220429
20220501,한국어,음식,음식,향토음식,유선,문자,식당,인터넷,제주,일반,휴양 및 관광,홈페이지,일반,전화,인바운드,완료,20220501
20220502,한국어,음식,음식,한식,개장,박물관,문자,식당,마을,일반,휴양 및 관광,홈페이지,일반,전화,인바운드,완료,20220502
20220502,한국어,음식,음식,향토음식,,,,,,일반,휴양 및 관광,홈페이지,일반,전화,아웃바운드,완료,20220502
20220502,한국어,음식,음식,향토음식,운영시간,해녀,도두,도두해녀의집,해녀의집,일반,휴양 및 관광,홈페이지,일반,전화,아웃바운드,완료,20220502
20220502,한국어,음식,음식,향토음식,식당,,,,,일반,휴양 및 관광,홈페이지,일반,전화,아웃바운드,완료,20220502
20220502,한국어,음식,음식,한식,인터넷,문의처,,,,일반,휴양 및 관광,홈페이지,일반,전화,아웃바운드,완료,20220502
20220502,한국어,음식,음식,한식,마을,,,,,일반,휴양 및 관광,홈페이지,일반,전화,아웃바운드,완료,20220502
20220502,한국어,음식,음식,한식,,,,,,일반,휴양 및 관광,홈페이지,일반,전화,아웃바운드,완료,20220502
20220502,한국어,음식,음식,향토음식,문의처,,,,,일반,휴양 및 관광,홈페이지,일반,전화,아웃바운드,완료,20220502
20220502,한국어,음식,음식,한식,외국어,,,,,일반,휴양 및 관광,홈페이지,일반,전화,아웃바운드,완료,20220502
20220503,한국어,음식,음식,한식,한라수목원,장애인,문자,호텔,음식점,일반,휴양 및 관광,포털사이트,일반,전화,인바운드,완료,20220503
20220503,한국어,음식,음식,한식,장애인,메종글래드,음식점,흑돼지,,일반,휴양 및 관광,홈페이지,일반,전화,아웃바운드,완료,20220503
20220503,한국어,음식,음식,한식,한라수목원,수목원,한라,,,일반,휴양 및 관광,홈페이지,일반,전화,아웃바운드,완료,20220503
20220503,한국어,음식,음식,한식,장애인,음식점,제주,흑돼지,,일반,휴양 및 관광,홈페이지,일반,전화,아웃바운드,완료,20220503
20220503,한국어,음식,음식,한식,장애인,음식점,흑돼지,,,일반,휴양 및 관광,홈페이지,일반,전화,아웃바운드,완료,20220503
20220503,한국어,음식,음식,한식,장애인,식당,음식점,흑돼지,,일반,휴양 및 관광,홈페이지,일반,전화,아웃바운드,완료,20220503
20220503,한국어,음식,음식,한식,장애인,정원,힐링,음식점,흑돼지,일반,휴양 및 관광,홈페이지,일반,전화,아웃바운드,완료,20220503
20220503,한국어,음식,음식,한식,장애인,음식점,흑돼지,,,일반,휴양 및 관광,홈페이지,일반,전화,아웃바운드,완료,20220503
20220503,한국어,음식,음식,한식,장애인,음식점,흑돼지,,,일반,휴양 및 관광,홈페이지,일반,전화,아웃바운드,완료,20220503
20220503,한국어,음식,음식,한식,외국어,,,,,일반,휴양 및 관광,홈페이지,일반,전화,아웃바운드,완료,20220503
20220503,한국어,음식,음식,한식,,,,,,일반,휴양 및 관광,홈페이지,일반,전화,아웃바운드,완료,20220503
20220503,한국어,음식,음식,양식,제주,이용시간,이용,양조장,맥주,일반,휴양 및 관광,홈페이지,일반,전화,아웃바운드,완료,20220503
20220504,한국어,음식,음식,한식,외국어,이용시간,이용,,,일반,휴양 및 관광,홈페이지,일반,전화,아웃바운드,완료,20220504
20220504,한국어,음식,음식,향토음식,연락처,유선,문자,식당,안전,일반,휴양 및 관광,홈페이지,일반,전화,인바운드,완료,20220504
20220506,한국어,음식,음식,한식,,,,,,일반,휴양 및 관광,홈페이지,일반,전화,아웃바운드,완료,20220506
20220506,한국어,음식,음식,한식,식당,이용,,,,일반,휴양 및 관광,홈페이지,일반,전화,아웃바운드,완료,20220506
20220506,한국어,음식,음식,한식,식당,,,,,일반,휴양 및 관광,홈페이지,일반,전화,아웃바운드,완료,20220506
20220506,한국어,음식,음식,한식,식당,,,,,일반,휴양 및 관광,홈페이지,일반,전화,아웃바운드,완료,20220506
20220507,한국어,음식,음식,향토음식,비자림,문자,식당,대정,관광지,일반,휴양 및 관광,홈페이지,일반,전화,인바운드,완료,20220507
20220508,한국어,음식,음식,일식,해녀,성산,유선,문자,코지,일반,휴양 및 관광,홈페이지,일반,전화,인바운드,완료,20220508
20220508,한국어,음식,음식,향토음식,운영시간,비자림,유선,문자,식당,일반,휴양 및 관광,홈페이지,일반,전화,인바운드,완료,20220508
20220509,한국어,음식,음식,향토음식,제주,,,,,일반,휴양 및 관광,홈페이지,일반,전화,인바운드,완료,20220509
20220509,한국어,음식,음식,한식,운영시간,,,,,일반,휴양 및 관광,홈페이지,일반,전화,아웃바운드,완료,20220509
20220509,한국어,음식,음식,한식,식당,,,,,일반,휴양 및 관광,홈페이지,일반,전화,아웃바운드,완료,20220509
20220509,한국어,음식,음식,한식,외국어,휴식시간,식당,,,일반,휴양 및 관광,홈페이지,일반,전화,아웃바운드,완료,20220509
20220510,한국어,음식,음식,한식,식당,제주,,,,일반,휴양 및 관광,홈페이지,일반,전화,인바운드,완료,20220510
20220512,한국어,음식,음식,한식,유선,문자,도립공원,식당,안전,일반,휴양 및 관광,홈페이지,일반,전화,인바운드,완료,20220517
20220512,한국어,음식,음식,카페,연락처,한라,카페,글로벌,,일반,휴양 및 관광,홈페이지,일반,전화,아웃바운드,완료,20220512
20220512,한국어,음식,음식,카페,연락처,한라,제주,카페,글로벌,일반,휴양 및 관광,홈페이지,일반,전화,아웃바운드,완료,20220512
20220512,일본어,음식,음식,카페,한라,제주,카페,,,일반,휴양 및 관광,홈페이지,일반,전화,인바운드,완료,20220517
20220512,한국어,음식,음식,향토음식,운영시간,천제연,유선,문자,식당,일반,휴양 및 관광,홈페이지,일반,전화,인바운드,완료,20220513
20220512,일본어,음식,음식,카페,한라,제주,카페,,,일반,휴양 및 관광,홈페이지,일반,전화,아웃바운드,완료,20220517
20220516,한국어,음식,음식,양식,동반,이용시간,이용,,,일반,휴양 및 관광,홈페이지,일반,전화,아웃바운드,완료,20220516
20220516,한국어,음식,음식,양식,이용시간,이용,,,,일반,휴양 및 관광,홈페이지,일반,전화,아웃바운드,완료,20220516
20220516,한국어,음식,음식,양식,이용,탭하우스,케이지,,,일반,휴양 및 관광,홈페이지,일반,전화,아웃바운드,완료,20220516
20220516,한국어,음식,음식,양식,제주,이용,,,,일반,휴양 및 관광,홈페이지,일반,전화,아웃바운드,완료,20220516
20220516,한국어,음식,음식,양식,이용,맥파이,,,,일반,휴양 및 관광,홈페이지,일반,전화,아웃바운드,완료,20220516
20220518,한국어,음식,음식,한식,휠체어,숙박,문자,식당,관광지,일반,휴양 및 관광,홈페이지,일반,전화,인바운드,완료,20220518
20220518,한국어,음식,음식,향토음식,오름,정방폭포,주상절리대,해녀,용두암,일반,휴양 및 관광,홈페이지,일반,전화,인바운드,완료,20220518
20220518,한국어,음식,음식,향토음식,금호,리조트,인터넷,맛집,,일반,휴양 및 관광,홈페이지,일반,전화,인바운드,완료,20220518
20220518,한국어,음식,음식,한식,휠체어,이용,,,,일반,휴양 및 관광,홈페이지,일반,전화,아웃바운드,완료,20220518
20220518,한국어,음식,음식,한식,휠체어,중문,이용,횟집,,일반,휴양 및 관광,홈페이지,일반,전화,아웃바운드,완료,20220518
20220518,한국어,음식,음식,한식,휠체어,중문,이용,,,일반,휴양 및 관광,홈페이지,일반,전화,아웃바운드,완료,20220518
20220519,한국어,음식,음식,한식,운영시간,휴무일,개장,오름,한라수목원,일반,휴양 및 관광,홈페이지,일반,전화,인바운드,완료,20220519
20220521,한국어,음식,음식,향토음식,1100,유선,문자,식당,대정,일반,휴양 및 관광,홈페이지,일반,전화,인바운드,완료,20220521
20220522,한국어,음식,음식,향토음식,오름,문자,식당,음식점,인터넷,일반,휴양 및 관광,홈페이지,일반,전화,인바운드,완료,20220522
20220522,한국어,음식,음식,한식,문자,식당,한라산,음식점,한라,일반,휴양 및 관광,홈페이지,일반,전화,인바운드,완료,20220522
20220525,한국어,음식,음식,향토음식,문자,관광지,탐나오,할인,서귀포,일반,휴양 및 관광,홈페이지,일반,전화,인바운드,완료,20220525
20220525,한국어,음식,음식,향토음식,문자,관광지,탐나오,할인,서귀포,일반,휴양 및 관광,홈페이지,일반,전화,아웃바운드,완료,20220525
20220525,한국어,음식,음식,향토음식,주상절리대,해녀,매표소,유선,휠체어,일반,휴양 및 관광,홈페이지,일반,전화,인바운드,완료,20220525
20220525,한국어,음식,음식,향토음식,서귀포,카페,,,,일반,휴양 및 관광,홈페이지,일반,전화,아웃바운드,완료,20220525
20220525,한국어,음식,음식,향토음식,,,,,,일반,휴양 및 관광,홈페이지,일반,전화,아웃바운드,완료,20220525
20220526,한국어,음식,음식,향토음식,연락처,쇠소깍,유선,숙소,식당,일반,휴양 및 관광,홈페이지,일반,전화,인바운드,완료,20220526
20220527,한국어,음식,음식,일식,호텔,제주,판매,방문,,일반,휴양 및 관광,홈페이지,일반,전화,아웃바운드,완료,20220527
20220527,한국어,음식,음식,일식,호텔,제주,판매,방문,,일반,휴양 및 관광,홈페이지,일반,전화,아웃바운드,완료,20220527
20220527,한국어,음식,음식,일식,호텔,제주,판매,방문,,일반,휴양 및 관광,홈페이지,일반,전화,인바운드,완료,20220527
20220527,한국어,음식,음식,일식,제주,,,,,일반,휴양 및 관광,홈페이지,일반,전화,아웃바운드,완료,20220527
20220529,한국어,음식,음식,기타,인터넷,맛집,,,,일반,휴양 및 관광,홈페이지,일반,전화,인바운드,완료,20220529
20220530,한국어,음식,음식,한식,메일,식당,관광지,비짓,제주,일반,휴양 및 관광,홈페이지,일반,전화,인바운드,완료,20220530
20220530,한국어,음식,음식,한식,운영시간,이용시간,이용,,,일반,휴양 및 관광,홈페이지,일반,전화,아웃바운드,완료,20220530
20220530,한국어,음식,음식,한식,운영시간,식당,맑은,이용시간,이용,일반,휴양 및 관광,홈페이지,일반,전화,아웃바운드,완료,20220530
20220530,한국어,음식,음식,한식,운영시간,,,,,일반,휴양 및 관광,홈페이지,일반,전화,아웃바운드,완료,20220530
20220530,한국어,음식,음식,한식,운영시간,카페,이용시간,이용,,일반,휴양 및 관광,홈페이지,일반,전화,아웃바운드,완료,20220530
20220602,한국어,음식,음식,기타,자연휴양림,절물자연휴양림,자연,절물자연,문자,일반,휴양 및 관광,홈페이지,일반,전화,인바운드,완료,20220602
20220602,한국어,음식,음식,향토음식,문자,음식점,서귀포,시내,제주,일반,휴양 및 관광,홈페이지,일반,전화,인바운드,완료,20220602
20220602,한국어,음식,음식,한식,천지연,문자,호텔,식당,안전,일반,휴양 및 관광,홈페이지,일반,전화,인바운드,완료,20220602
20220602,한국어,음식,음식,한식,운영시간,휴무일,문자,호텔,식당,일반,휴양 및 관광,홈페이지,일반,전화,인바운드,완료,20220602
20220603,한국어,음식,음식,한식,,,,,,일반,휴양 및 관광,홈페이지,일반,전화,아웃바운드,완료,20220603
20220603,한국어,음식,음식,한식,,,,,,일반,휴양 및 관광,홈페이지,일반,전화,아웃바운드,완료,20220603
20220603,한국어,음식,음식,향토음식,인원,연락처,천제연,유선,문자,일반,휴양 및 관광,홈페이지,일반,전화,인바운드,완료,20220603
20220603,한국어,음식,음식,한식,이용,,,,,일반,휴양 및 관광,홈페이지,일반,전화,아웃바운드,완료,20220603
20220603,한국어,음식,음식,한식,,,,,,일반,휴양 및 관광,홈페이지,일반,전화,아웃바운드,완료,20220603
20220603,한국어,음식,음식,한식,이용,,,,,일반,휴양 및 관광,홈페이지,일반,전화,아웃바운드,완료,20220603
20220603,한국어,음식,음식,한식,이용,주소,,,,일반,휴양 및 관광,홈페이지,일반,전화,아웃바운드,완료,20220603
20220603,한국어,음식,음식,한식,이용,,,,,일반,휴양 및 관광,홈페이지,일반,전화,아웃바운드,완료,20220603
20220604,한국어,음식,음식,향토음식,천제연,유선,문자,서귀포,중문,일반,휴양 및 관광,홈페이지,일반,전화,인바운드,완료,20220604
20220604,한국어,음식,음식,한식,삼양,문자,식당,안전,인터넷,일반,휴양 및 관광,홈페이지,일반,전화,인바운드,완료,20220604
20220605,한국어,음식,음식,일식,마라도,유선,문자,식당,대정,일반,휴양 및 관광,홈페이지,일반,전화,인바운드,완료,20220605
20220606,한국어,음식,음식,한식,수월봉,유선,문자,안전,음식점,일반,휴양 및 관광,홈페이지,일반,전화,인바운드,완료,20220606
20220606,한국어,음식,음식,한식,수월봉,유선,문자,안전,음식점,일반,휴양 및 관광,홈페이지,일반,전화,인바운드,완료,20220606
20220607,한국어,음식,음식,카페,커피,수목원,제주,,,일반,휴양 및 관광,홈페이지,일반,전화,아웃바운드,완료,20220616
20220607,한국어,음식,음식,한식,운영시간,이용,,,,일반,휴양 및 관광,홈페이지,일반,전화,아웃바운드,완료,20220607
20220607,한국어,음식,음식,한식,음식점,이용시간,이용,,,일반,휴양 및 관광,홈페이지,일반,전화,아웃바운드,완료,20220607
20220608,한국어,음식,음식,한식,문자,리스트,호텔,식당,오리엔탈,일반,휴양 및 관광,홈페이지,일반,전화,인바운드,완료,20220608
20220608,한국어,음식,음식,향토음식,체험,주막,제주,,,일반,휴양 및 관광,홈페이지,일반,전화,아웃바운드,완료,20220610
20220608,한국어,음식,음식,향토음식,체험,제주,,,,일반,휴양 및 관광,홈페이지,일반,전화,아웃바운드,완료,20220610
20220608,한국어,음식,음식,향토음식,제주,,,,,일반,휴양 및 관광,홈페이지,일반,전화,아웃바운드,완료,20220610
20220608,한국어,음식,음식,한식,식당,서귀포,,,,일반,휴양 및 관광,홈페이지,일반,전화,인바운드,완료,20220608
20220609,한국어,음식,음식,카페,연락처,오름,한라수목원,문자,정원,일반,휴양 및 관광,홈페이지,일반,전화,인바운드,완료,20220609
20220609,한국어,음식,음식,한식,박물관,비자림,성산,문자,식당,일반,휴양 및 관광,홈페이지,일반,전화,인바운드,완료,20220609
20220609,한국어,음식,음식,한식,유선,문자,제주,이용,관광정보,일반,휴양 및 관광,홈페이지,일반,전화,인바운드,완료,20220609
20220609,한국어,음식,음식,한식,문자,식당,안전,안덕,인터넷,일반,휴양 및 관광,홈페이지,일반,전화,인바운드,완료,20220609
20220611,한국어,음식,음식,향토음식,삼양동,삼양,문자,식당,안전,일반,휴양 및 관광,홈페이지,일반,전화,인바운드,완료,20220611
20220613,한국어,음식,음식,향토음식,음식점,제주,,,,일반,휴양 및 관광,홈페이지,일반,전화,인바운드,완료,20220613
20220613,한국어,음식,음식,향토음식,운영시간,,,,,일반,휴양 및 관광,홈페이지,일반,전화,아웃바운드,완료,20220613
20220613,한국어,음식,음식,한식,,,,,,일반,휴양 및 관광,홈페이지,일반,전화,아웃바운드,완료,20220613
20220613,한국어,음식,음식,한식,운영시간,,,,,일반,휴양 및 관광,홈페이지,일반,전화,아웃바운드,완료,20220613
20220614,한국어,음식,음식,향토음식,판매,시트러스,시음,,,일반,휴양 및 관광,홈페이지,일반,전화,아웃바운드,완료,20220614
20220614,한국어,음식,음식,향토음식,제주,,,,,일반,휴양 및 관광,홈페이지,일반,전화,아웃바운드,완료,20220614
20220614,한국어,음식,음식,향토음식,인원,유선,방문,시음,,일반,휴양 및 관광,홈페이지,일반,전화,아웃바운드,완료,20220614
20220614,한국어,음식,음식,향토음식,제주,,,,,일반,휴양 및 관광,홈페이지,일반,전화,아웃바운드,완료,20220614
20220614,한국어,음식,음식,향토음식,문자,리스트,마을,인터넷,제주,일반,휴양 및 관광,홈페이지,일반,전화,인바운드,완료,20220614
20220614,한국어,음식,음식,향토음식,해녀,문자,식당,도두,인터넷,일반,휴양 및 관광,홈페이지,일반,전화,인바운드,완료,20220614
20220615,한국어,음식,음식,향토음식,운영시간,해녀,문자,리스트,식당,일반,휴양 및 관광,홈페이지,일반,전화,인바운드,완료,20220615
20220615,한국어,음식,음식,향토음식,유선,문자,호텔,칼호텔,음식점,일반,휴양 및 관광,홈페이지,일반,전화,인바운드,완료,20220615
20220615,한국어,음식,음식,향토음식,운영시간,문자,리스트,음식점,인터넷,일반,휴양 및 관광,홈페이지,일반,전화,인바운드,완료,20220615
20220616,한국어,음식,음식,향토음식,동문시장,한라,제주,오메기떡,,일반,휴양 및 관광,홈페이지,일반,전화,인바운드,완료,20220616
20220618,한국어,음식,음식,한식,문자,식당,안덕,서귀포,중문,일반,휴양 및 관광,홈페이지,일반,전화,인바운드,완료,20220618
20220618,한국어,음식,음식,향토음식,음식점,비짓,제주,,,일반,휴양 및 관광,홈페이지,일반,전화,인바운드,완료,20220618
20220621,한국어,음식,음식,향토음식,식당,이용,방귤당,,,일반,휴양 및 관광,홈페이지,일반,전화,아웃바운드,완료,20220621
20220622,한국어,음식,음식,한식,식당,한라,중문,가든,,일반,휴양 및 관광,홈페이지,일반,전화,인바운드,완료,20220622
20220624,한국어,음식,음식,카페,이용,,,,,일반,휴양 및 관광,홈페이지,일반,전화,아웃바운드,완료,20220624
20220624,한국어,음식,음식,카페,체험,카페,이용,,,일반,휴양 및 관광,홈페이지,일반,전화,아웃바운드,완료,20220624
20220626,한국어,음식,음식,한식,흑돼지,,,,,일반,휴양 및 관광,홈페이지,일반,전화,인바운드,완료,20220626
20220626,한국어,음식,음식,한식,문자,안전,음식점,제주,주소,일반,휴양 및 관광,홈페이지,일반,전화,인바운드,완료,20220626
20220626,한국어,음식,음식,향토음식,해녀,용두암,식당,해녀촌,,일반,휴양 및 관광,홈페이지,일반,전화,인바운드,완료,20220626
20220627,한국어,음식,음식,향토음식,정방폭포,해녀,용두암,폭포,,일반,휴양 및 관광,홈페이지,일반,전화,인바운드,완료,20220701
20220628,한국어,음식,음식,향토음식,음식점,인터넷,공항근처,흑돼지,늘봄,일반,휴양 및 관광,홈페이지,일반,전화,아웃바운드,완료,20220628
20220628,한국어,음식,음식,향토음식,음식점,인터넷,공항근처,흑돼지,늘봄,일반,휴양 및 관광,홈페이지,일반,전화,인바운드,완료,20220628
20220628,한국어,음식,음식,한식,연락처,식당,회관,제주,공항근처,일반,휴양 및 관광,홈페이지,일반,전화,인바운드,완료,20220628
20220628,한국어,음식,음식,향토음식,문자,식당,중문,제주,흑돼지구이,일반,휴양 및 관광,홈페이지,일반,전화,인바운드,완료,20220628
20220629,한국어,음식,음식,향토음식,운영시간,휴무일,문자,식당,신라,일반,휴양 및 관광,홈페이지,일반,전화,인바운드,완료,20220629
20220704,한국어,음식,음식,한식,운영시간,제주,,,,일반,휴양 및 관광,홈페이지,일반,전화,아웃바운드,완료,20220704
20220704,한국어,음식,음식,한식,운영시간,,,,,일반,휴양 및 관광,홈페이지,일반,전화,아웃바운드,완료,20220704
20220704,한국어,음식,음식,한식,유선,식당,이용시간,이용,,일반,휴양 및 관광,홈페이지,일반,전화,아웃바운드,완료,20220704
20220704,한국어,음식,음식,한식,운영시간,식당,이용시간,이용,재료소진,일반,휴양 및 관광,홈페이지,일반,전화,아웃바운드,완료,20220704
20220704,한국어,음식,음식,한식,성산,이용시간,이용,,,일반,휴양 및 관광,홈페이지,일반,전화,아웃바운드,완료,20220704
20220704,한국어,음식,음식,한식,운영시간,,,,,일반,휴양 및 관광,홈페이지,일반,전화,아웃바운드,완료,20220705
20220704,한국어,음식,음식,한식,이용,,,,,일반,휴양 및 관광,홈페이지,일반,전화,아웃바운드,완료,20220704
20220707,한국어,음식,음식,카페,운영시간,가격,카페,,,일반,휴양 및 관광,홈페이지,일반,전화,아웃바운드,완료,20220707
20220707,한국어,음식,음식,향토음식,인원,유선,호텔,식당,롯데,일반,휴양 및 관광,홈페이지,일반,전화,인바운드,완료,20220707
20220708,한국어,음식,음식,향토음식,정상운영,식당,,,,일반,휴양 및 관광,홈페이지,일반,전화,아웃바운드,완료,20220708
20220709,한국어,음식,음식,한식,식당,마을,서귀포,판매,토종닭,일반,휴양 및 관광,홈페이지,일반,전화,아웃바운드,완료,20220709
20220709,한국어,음식,음식,한식,식당,마을,서귀포,판매,토종닭,일반,휴양 및 관광,홈페이지,일반,전화,인바운드,완료,20220709
20220711,한국어,음식,음식,향토음식,식당,,,,,일반,휴양 및 관광,홈페이지,일반,전화,인바운드,완료,20220711
20220711,한국어,음식,음식,향토음식,이용,,,,,일반,휴양 및 관광,홈페이지,일반,전화,아웃바운드,완료,20220711
20220711,한국어,음식,음식,향토음식,식당,서귀포,시내,제주,이용,일반,휴양 및 관광,홈페이지,일반,전화,아웃바운드,완료,20220711
20220711,한국어,음식,음식,향토음식,식당,진주식당,,,,일반,휴양 및 관광,홈페이지,일반,전화,아웃바운드,완료,20220711
20220711,한국어,음식,음식,향토음식,중문,,,,,일반,휴양 및 관광,홈페이지,일반,전화,아웃바운드,완료,20220711
20220711,한국어,음식,음식,향토음식,제주,,,,,일반,휴양 및 관광,홈페이지,일반,전화,아웃바운드,완료,20220711
20220711,한국어,음식,음식,향토음식,,,,,,일반,휴양 및 관광,홈페이지,일반,전화,아웃바운드,완료,20220711
20220714,한국어,음식,음식,기타,문자,호텔,신라,,,일반,휴양 및 관광,홈페이지,일반,전화,아웃바운드,완료,20220714
20220714,한국어,음식,음식,기타,문자,호텔,신라,,,일반,휴양 및 관광,홈페이지,일반,전화,인바운드,완료,20220714
20220715,한국어,음식,음식,향토음식,한라산,한라,,,,일반,휴양 및 관광,홈페이지,일반,전화,아웃바운드,완료,20220715
20220715,한국어,음식,음식,향토음식,한라산,한라,유통,,,일반,휴양 및 관광,홈페이지,일반,전화,아웃바운드,완료,20220715
20220717,한국어,음식,음식,향토음식,체험,비짓,제주,오메기떡,,일반,휴양 및 관광,홈페이지,일반,전화,아웃바운드,완료,20220717
20220719,한국어,음식,음식,향토음식,운영시간,휴무일,문자,숙소,식당,일반,휴양 및 관광,홈페이지,일반,전화,인바운드,완료,20220719
20220719,한국어,음식,음식,기타,이용시간,이용,,,,일반,휴양 및 관광,홈페이지,일반,전화,아웃바운드,완료,20220719
20220719,한국어,음식,음식,기타,식당,한라,이용시간,이용,,일반,휴양 및 관광,홈페이지,일반,전화,아웃바운드,완료,20220719
20220719,한국어,음식,음식,기타,이용시간,이용,문의처,,,일반,휴양 및 관광,홈페이지,일반,전화,아웃바운드,완료,20220719
20220719,한국어,음식,음식,기타,유선,식당,성읍,,,일반,휴양 및 관광,홈페이지,일반,전화,아웃바운드,완료,20220719
20220719,한국어,음식,음식,기타,식당,,,,,일반,휴양 및 관광,홈페이지,일반,전화,아웃바운드,완료,20220719
20220720,한국어,음식,음식,한식,외국어,서귀포,이용시간,이용,,일반,휴양 및 관광,홈페이지,일반,전화,아웃바운드,완료,20220720
20220720,한국어,음식,음식,한식,외국어,해녀,식당,중문,이용시간,일반,휴양 및 관광,홈페이지,일반,전화,아웃바운드,완료,20220720
20220720,한국어,음식,음식,한식,식당,이용,,,,일반,휴양 및 관광,홈페이지,일반,전화,아웃바운드,완료,20220720
20220720,한국어,음식,음식,한식,이용,,,,,일반,휴양 및 관광,홈페이지,일반,전화,아웃바운드,완료,20220720
20220720,한국어,음식,음식,한식,외국어,쇠소깍,이용,,,일반,휴양 및 관광,홈페이지,일반,전화,아웃바운드,완료,20220720
20220720,한국어,음식,음식,한식,외국어,음식점,중문,이용시간,이용,일반,휴양 및 관광,홈페이지,일반,전화,아웃바운드,완료,20220720
20220722,한국어,음식,음식,한식,성산,제주,이용,,,일반,휴양 및 관광,홈페이지,일반,전화,아웃바운드,완료,20220722
20220722,한국어,음식,음식,한식,이용,,,,,일반,휴양 및 관광,홈페이지,일반,전화,아웃바운드,완료,20220722
20220722,한국어,음식,음식,한식,외국어,갈치,이용,갈치조림,,일반,휴양 및 관광,홈페이지,일반,전화,아웃바운드,완료,20220722
20220722,한국어,음식,음식,한식,성산,이용,,,,일반,휴양 및 관광,홈페이지,일반,전화,아웃바운드,완료,20220722
20220722,한국어,음식,음식,한식,서귀포,이용,,,,일반,휴양 및 관광,홈페이지,일반,전화,아웃바운드,완료,20220722
20220722,한국어,음식,음식,한식,이용,,,,,일반,휴양 및 관광,홈페이지,일반,전화,아웃바운드,완료,20220722
20220725,한국어,음식,음식,카페,이용시간,이용,,,,일반,휴양 및 관광,홈페이지,일반,전화,아웃바운드,완료,20220725
20220728,한국어,음식,음식,일식,문자,인터넷,서귀포,중문,제주,일반,휴양 및 관광,홈페이지,일반,전화,인바운드,완료,20220728
20220728,한국어,음식,음식,향토음식,문자,식당,인터넷,서귀포,중문,일반,휴양 및 관광,홈페이지,일반,전화,인바운드,완료,20220728
20220729,한국어,음식,음식,카페,올티스,,,,,일반,휴양 및 관광,홈페이지,일반,전화,아웃바운드,완료,20220729
20220731,한국어,음식,음식,기타,맛집,,,,,일반,휴양 및 관광,홈페이지,일반,전화,인바운드,완료,20220731
20220731,한국어,음식,음식,기타,,,,,,일반,휴양 및 관광,홈페이지,일반,전화,인바운드,완료,20220731
